estacion,anio,semana,CO,NO,NO2,NOX,O3,PM10,PM2.5,PRS,RAINF,RH,SO2,SR,TOUT,WSR,WDR,WDR_E,WDR_N,WDR_NE,WDR_NO,WDR_O,WDR_S,WDR_SE,WDR_SO,ndvi_mediana
NE2,2020,2020-12-28,2.96,,,,,40.5,21.0,720.2,0.0,58.5,12.350000000000001,0.4645,11.065,14.6,155.5,0.06944444444444445,0.013888888888888888,0.013888888888888888,0.20833333333333334,0.125,0.1111111111111111,0.4166666666666667,0.041666666666666664,
NE2,2021,2021-01-04,3.15,,,,,54.0,19.0,719.2,0.0,43.0,12.0,0.471,14.27,,161.0,0.16666666666666666,0.017857142857142856,0.041666666666666664,0.20833333333333334,0.17857142857142858,0.047619047619047616,0.26785714285714285,0.041666666666666664,0.0435891579836607
NE2,2021,2021-01-11,3.085,,,,,65.0,23.0,724.5,0.0,55.5,10.7,0.463,9.92,,201.5,0.017857142857142856,0.011904761904761904,0.011904761904761904,0.15476190476190477,0.125,0.10714285714285714,0.20238095238095238,0.047619047619047616,0.1116543412208557
NE2,2021,2021-01-18,2.97,,,,,52.0,31.0,714.7,0.0,82.0,11.25,0.471,17.87,,164.0,0.05357142857142857,0.03571428571428571,0.005952380952380952,0.16071428571428573,0.047619047619047616,0.07738095238095238,0.30952380952380953,0.08928571428571429,-0.0050691254436969
NE2,2021,2021-01-25,2.89,,,,,51.0,19.0,717.3,0.0,43.0,12.4,0.479,19.5,,168.0,0.1130952380952381,0.017857142857142856,0.011904761904761904,0.20238095238095238,0.10119047619047619,0.1488095238095238,0.30952380952380953,0.06547619047619048,0.0357648283243179
NE2,2021,2021-02-01,2.84,,,,,49.0,20.0,713.3,0.0,36.0,14.6,0.479,18.96,,143.0,0.14285714285714285,0.011904761904761904,0.03571428571428571,0.19047619047619047,0.10714285714285714,0.05952380952380952,0.39285714285714285,0.05357142857142857,0.0837357342243194
NE2,2021,2021-02-08,2.69,,,,,32.0,14.0,714.6500000000001,0.0,80.0,9.95,0.465,13.385,,144.5,0.16071428571428573,0.017857142857142856,0.011904761904761904,0.19642857142857142,0.09523809523809523,0.06547619047619048,0.39285714285714285,0.05952380952380952,0.0292498636990785
NE2,2021,2021-02-15,2.31,,,,,37.0,19.0,719.1500000000001,0.0,63.0,7.2,0.456,6.11,,144.0,0.07738095238095238,0.011904761904761904,0.017857142857142856,0.19047619047619047,0.09523809523809523,0.08333333333333333,0.4523809523809524,0.05952380952380952,-0.0076680276542901
NE2,2021,2021-02-22,2.26,,,,,48.5,24.0,713.25,0.0,55.0,6.7,0.483,22.3,,137.5,0.17261904761904762,0.005952380952380952,0.011904761904761904,0.17857142857142858,0.047619047619047616,0.05357142857142857,0.5059523809523809,0.023809523809523808,0.0117407999932765
NE2,2021,2021-03-01,2.21,4.3,18.5,23.0,22.4,45.0,21.0,719.0,0.0,48.0,6.2,0.581,17.85,,141.0,0.18452380952380953,0.0,0.047619047619047616,0.09523809523809523,0.07142857142857142,0.13690476190476192,0.39285714285714285,0.05357142857142857,0.0540193170309066
NE2,2021,2021-03-08,2.45,9.2,19.05,28.1,16.4,56.0,23.5,716.0,0.0,72.0,5.0,0.592,20.89,,134.0,0.16666666666666666,0.0,0.011904761904761904,0.023809523809523808,0.03571428571428571,0.017857142857142856,0.6785714285714286,0.011904761904761904,0.0431290604174137
NE2,2021,2021-03-15,2.62,6.3,19.5,26.7,28.4,64.0,18.0,717.2,0.0,32.0,4.45,0.584,21.73,,137.0,0.18452380952380953,0.0,0.02976190476190476,0.05357142857142857,0.05952380952380952,0.08928571428571429,0.5297619047619048,0.03571428571428571,0.0623883754014968
NE2,2021,2021-03-22,2.55,6.0,20.75,27.6,25.55,80.0,26.0,709.6500000000001,0.0,41.0,2.3499999999999996,0.589,23.925,,142.0,0.10714285714285714,0.041666666666666664,0.017857142857142856,0.1130952380952381,0.06547619047619048,0.07142857142857142,0.5297619047619048,0.05357142857142857,0.0818337202072143
NE2,2021,2021-03-29,,5.8,17.2,23.55,24.25,46.0,15.0,720.2,0.0,66.0,2.7,0.586,17.33,2.5999999999999996,137.0,0.18452380952380953,0.0,0.02976190476190476,0.08928571428571429,0.041666666666666664,0.07142857142857142,0.5476190476190477,0.023809523809523808,0.0697943121194839
NE2,2021,2021-04-05,0.69,6.4,18.45,25.35,25.5,64.0,23.0,708.4,0.0,42.0,3.6500000000000004,0.4675,27.200000000000003,8.8,140.0,0.11904761904761904,0.005952380952380952,0.017857142857142856,0.06547619047619048,0.05952380952380952,0.08928571428571429,0.5059523809523809,0.02976190476190476,0.0733546763658523
NE2,2021,2021-04-12,1.3,8.850000000000001,17.35,28.2,19.0,63.5,31.0,710.3499999999999,0.0,66.0,2.6,0.0085,24.785,10.649999999999999,124.0,0.31547619047619047,0.0,0.017857142857142856,0.017857142857142856,0.041666666666666664,0.06547619047619048,0.4880952380952381,0.05357142857142857,0.0201956927776336
NE2,2021,2021-04-19,0.63,9.1,24.2,33.8,28.0,60.0,17.0,714.2,0.0,53.0,4.7,0.0,22.88,10.2,124.0,0.2934131736526946,0.0,0.029940119760479042,0.059880239520958084,0.023952095808383235,0.07784431137724551,0.49700598802395207,0.017964071856287425,0.074613768607378
NE2,2021,2021-04-26,0.54,6.1,16.5,23.0,28.0,56.0,21.0,710.1,0.0,52.0,3.2,0.03,25.975,10.6,135.0,0.17261904761904762,0.0,0.0,0.1130952380952381,0.09523809523809523,0.07738095238095238,0.42857142857142855,0.09523809523809523,0.0628401488065719
NE2,2021,2021-05-03,0.34,7.7,19.1,28.45,28.5,57.0,18.0,713.3499999999999,0.0,49.5,3.5,0.024,27.49,10.8,134.5,0.25595238095238093,0.0,0.011904761904761904,0.08928571428571429,0.02976190476190476,0.10119047619047619,0.42857142857142855,0.08333333333333333,0.0674106292426586
NE2,2021,2021-05-10,0.34,11.1,18.799999999999997,29.65,20.0,58.5,18.0,712.5,0.0,69.0,2.4,0.002,25.25,11.25,128.5,0.16666666666666666,0.0,0.017857142857142856,0.005952380952380952,0.03571428571428571,0.02976190476190476,0.5059523809523809,0.03571428571428571,-0.0421815067529678
NE2,2021,2021-05-17,1.14,8.5,18.200000000000003,27.9,30.0,58.5,17.0,712.1500000000001,0.0,61.0,2.9,0.0455,25.994999999999997,10.95,123.5,0.3333333333333333,0.0,0.011904761904761904,0.011904761904761904,0.017857142857142856,0.047619047619047616,0.5297619047619048,0.047619047619047616,0.0683587938547134
NE2,2021,2021-05-24,1.2,11.0,15.5,27.5,16.0,57.0,18.0,713.9,0.0,67.0,2.1,0.02,26.26,11.9,117.0,0.4226190476190476,0.0,0.005952380952380952,0.0,0.005952380952380952,0.023809523809523808,0.5357142857142857,0.0,0.0129269537283107
NE2,2021,2021-05-31,1.26,9.95,17.4,30.6,18.5,50.0,16.0,713.8,0.0,71.5,1.7,0.020999999999999998,24.825000000000003,9.9,132.0,0.27976190476190477,0.0,0.017857142857142856,0.05357142857142857,0.041666666666666664,0.07738095238095238,0.4642857142857143,0.05357142857142857,
NE2,2021,2021-06-07,1.25,10.4,17.1,28.95,18.0,54.0,20.5,712.0,0.0,54.0,3.0,0.02,29.95,11.8,114.0,0.4166666666666667,0.005952380952380952,0.0,0.0,0.005952380952380952,0.023809523809523808,0.44047619047619047,0.005952380952380952,0.0785545781254768
NE2,2021,2021-06-14,1.255,8.850000000000001,17.7,27.5,25.5,45.5,14.0,714.3,0.0,50.5,3.7,0.0655,28.64,9.350000000000001,129.5,0.2916666666666667,0.005952380952380952,0.011904761904761904,0.047619047619047616,0.07738095238095238,0.05952380952380952,0.4642857142857143,0.02976190476190476,0.0497131496667861
NE2,2021,2021-06-21,1.37,10.2,16.7,28.2,19.0,56.0,21.0,711.8,0.0,70.0,2.6,0.0275,27.16,10.9,125.0,0.30357142857142855,0.0,0.041666666666666664,0.005952380952380952,0.05357142857142857,0.023809523809523808,0.5119047619047619,0.02976190476190476,
NE2,2021,2021-06-28,1.41,11.7,15.7,28.9,17.0,40.0,11.0,713.8,0.0,66.0,3.5,0.048,27.06,10.1,118.0,0.35714285714285715,0.0,0.047619047619047616,0.0,0.011904761904761904,0.02976190476190476,0.5297619047619048,0.017857142857142856,0.0599689316004514
NE2,2021,2021-07-05,1.4649999999999999,7.45,15.649999999999999,22.7,17.0,44.0,16.0,712.8499999999999,0.0,73.5,2.2,0.025,26.235,9.3,133.5,0.18452380952380953,0.0,0.041666666666666664,0.1130952380952381,0.1130952380952381,0.05952380952380952,0.44047619047619047,0.047619047619047616,0.0860265344381332
NE2,2021,2021-07-12,1.64,14.45,14.9,30.6,13.0,67.0,23.0,716.8,0.0,64.0,5.65,0.0075,26.884999999999998,11.6,124.0,0.2261904761904762,0.0,0.017857142857142856,0.0,0.0,0.005952380952380952,0.6666666666666666,0.0,0.0573600232601165
NE2,2021,2021-07-19,1.65,9.8,15.6,25.7,17.0,52.0,18.0,716.1,0.0,62.0,3.9,0.014,27.96,9.2,125.0,0.2916666666666667,0.0,0.02976190476190476,0.023809523809523808,0.05357142857142857,0.06547619047619048,0.47619047619047616,0.05357142857142857,0.0855837613344192
NE2,2021,2021-07-26,1.73,10.649999999999999,16.65,27.65,17.0,50.0,16.0,716.1,0.0,62.0,4.7,0.044,27.93,8.5,125.0,0.27380952380952384,0.0,0.03571428571428571,0.03571428571428571,0.047619047619047616,0.08333333333333333,0.49404761904761907,0.023809523809523808,0.0562023371458053
NE2,2021,2021-08-02,1.76,9.8,14.5,25.5,16.0,48.0,17.0,715.4,0.0,63.0,4.2,0.0045000000000000005,27.52,8.0,133.5,0.25595238095238093,0.0,0.02976190476190476,0.08333333333333333,0.06547619047619048,0.06547619047619048,0.34523809523809523,0.047619047619047616,0.0741519033908844
NE2,2021,2021-08-09,1.85,10.6,14.4,25.4,17.0,46.0,14.0,715.9,0.0,55.0,7.15,0.007,29.08,11.1,124.0,0.26785714285714285,0.0,0.0,0.011904761904761904,0.0,0.02976190476190476,0.5773809523809523,0.011904761904761904,0.0718038529157638
NE2,2021,2021-08-16,1.94,11.95,15.0,28.3,14.0,44.0,14.0,713.0,0.0,60.5,7.95,0.025,28.765,12.649999999999999,128.0,0.25595238095238093,0.0,0.005952380952380952,0.0,0.0,0.023809523809523808,0.7142857142857143,0.0,0.0760913491249084
NE2,2021,2021-08-23,2.04,13.3,15.1,29.2,14.0,61.0,21.0,713.7,0.0,52.0,6.4,0.01,28.72,10.9,123.0,0.3630952380952381,0.0,0.011904761904761904,0.005952380952380952,0.011904761904761904,0.041666666666666664,0.5059523809523809,0.017857142857142856,0.0596174746751785
NE2,2021,2021-08-30,2.33,11.2,14.9,26.7,14.0,72.0,27.0,711.1,0.0,56.0,6.6,0.013000000000000001,29.43,11.2,126.0,0.25,0.0,0.011904761904761904,0.0,0.0,0.041666666666666664,0.6726190476190477,0.017857142857142856,0.0634496361017227
NE2,2021,2021-09-06,2.33,8.8,15.8,26.7,23.0,56.0,17.0,715.0,0.0,50.0,5.0,0.017,29.3,9.1,125.0,0.35714285714285715,0.0,0.005952380952380952,0.047619047619047616,0.03571428571428571,0.07142857142857142,0.44642857142857145,0.02976190476190476,0.0260256994515657
NE2,2021,2021-09-13,2.3,7.85,15.75,24.5,20.0,46.0,14.0,713.1,0.0,60.5,4.8,0.012,28.38,9.25,130.0,0.26785714285714285,0.0,0.023809523809523808,0.05357142857142857,0.047619047619047616,0.06547619047619048,0.4642857142857143,0.07738095238095238,0.0699387788772583
NE2,2021,2021-09-20,2.4050000000000002,8.649999999999999,18.7,28.25,27.5,57.0,16.0,716.6,0.0,53.0,4.8,0.01,26.375,9.75,138.0,0.15476190476190477,0.0,0.02976190476190476,0.08928571428571429,0.05357142857142857,0.1130952380952381,0.5119047619047619,0.03571428571428571,0.0167026594281196
NE2,2021,2021-09-27,2.38,8.25,17.8,27.6,17.0,54.0,17.0,713.4,0.0,70.0,4.3,0.003,25.67,7.5,148.0,0.11904761904761904,0.0,0.047619047619047616,0.047619047619047616,0.11904761904761904,0.1488095238095238,0.4226190476190476,0.08928571428571429,
NE2,2021,2021-10-04,2.57,10.4,23.4,34.2,21.0,63.0,18.0,716.5,0.0,52.0,5.1,0.004,26.66,8.4,140.0,0.15476190476190477,0.0,0.011904761904761904,0.05952380952380952,0.08928571428571429,0.08928571428571429,0.5178571428571429,0.07142857142857142,0.0779940038919448
NE2,2021,2021-10-11,2.65,18.5,17.3,45.8,17.0,63.0,24.0,711.05,0.0,61.0,3.0,0.003,26.1,9.2,137.0,0.13690476190476192,0.0,0.03571428571428571,0.07738095238095238,0.08333333333333333,0.10714285714285714,0.4642857142857143,0.08928571428571429,0.0266694016754627
NE2,2021,2021-10-18,2.42,14.3,19.7,34.05,13.0,53.5,18.0,715.7,0.0,67.0,3.3,0.001,23.735,8.1,131.0,0.19047619047619047,0.005952380952380952,0.03571428571428571,0.023809523809523808,0.041666666666666664,0.05952380952380952,0.5952380952380952,0.047619047619047616,
NE2,2021,2021-10-25,2.625,14.0,25.549999999999997,39.95,16.0,69.0,23.0,713.7,0.0,36.5,3.4,0.001,25.13,7.05,164.5,0.11904761904761904,0.0,0.0,0.19047619047619047,0.18452380952380953,0.10119047619047619,0.35119047619047616,0.05357142857142857,
NE2,2021,2021-11-01,1.22,12.3,15.6,29.9,14.0,54.0,16.0,720.4,0.0,76.0,2.8499999999999996,0.0,18.34,9.55,137.0,0.16071428571428573,0.0,0.011904761904761904,0.09523809523809523,0.10119047619047619,0.06547619047619048,0.47619047619047616,0.08333333333333333,
NE2,2021,2021-11-08,0.98,9.7,18.2,26.6,14.0,63.0,20.0,719.2,0.0,71.5,3.1,0.0,21.134999999999998,23.8,145.5,0.08333333333333333,0.13690476190476192,0.041666666666666664,0.17857142857142858,0.041666666666666664,0.07142857142857142,0.39285714285714285,0.041666666666666664,0.0852894634008407
NE2,2021,2021-11-15,1.16,12.6,21.2,36.4,14.0,77.0,21.0,718.1,0.0,56.0,3.6,0.0,18.835,20.6,267.0,0.08333333333333333,0.19047619047619047,0.05357142857142857,0.2976190476190476,0.041666666666666664,0.047619047619047616,0.25595238095238093,0.023809523809523808,0.085455372929573
NE2,2021,2021-11-22,1.11,8.9,15.6,24.0,16.5,63.0,19.0,720.2,0.0,65.0,3.2,0.0,17.95,18.7,293.0,0.023809523809523808,0.30357142857142855,0.047619047619047616,0.23214285714285715,0.07142857142857142,0.07738095238095238,0.23809523809523808,0.005952380952380952,0.0361898876726627
NE2,2021,2021-11-29,1.23,11.7,21.549999999999997,34.6,11.0,72.0,22.0,718.05,0.0,64.0,4.1,0.0,21.085,6.4,138.0,0.09523809523809523,0.13690476190476192,0.05357142857142857,0.15476190476190477,0.07738095238095238,0.017857142857142856,0.44642857142857145,0.005952380952380952,0.0653335377573967
NE2,2021,2021-12-06,1.47,14.1,25.8,40.7,17.0,112.0,31.0,714.7,0.0,40.0,4.9,0.0,19.65,7.0,279.0,0.03571428571428571,0.16071428571428573,0.023809523809523808,0.2976190476190476,0.10714285714285714,0.03571428571428571,0.3333333333333333,0.0,
NE2,2021,2021-12-13,1.52,14.7,23.2,41.2,10.0,88.5,27.0,717.1,0.0,63.0,4.6,0.0,19.87,16.9,175.0,0.13095238095238096,0.1488095238095238,0.02976190476190476,0.25595238095238093,0.06547619047619048,0.05952380952380952,0.27380952380952384,0.02976190476190476,0.0408118218183517
NE2,2021,2021-12-20,1.7,20.3,23.6,49.349999999999994,9.0,89.0,29.0,715.6,0.0,60.0,4.1,0.0,19.15,9.7,168.0,0.07738095238095238,0.047619047619047616,0.041666666666666664,0.23809523809523808,0.20238095238095238,0.02976190476190476,0.34523809523809523,0.011904761904761904,0.0783107280731201
NE2,2021,2021-12-27,1.54,10.7,24.4,37.25,14.0,95.0,31.0,709.0,0.0,45.0,3.6,0.0,22.799999999999997,8.3,278.0,0.06547619047619048,0.19047619047619047,0.041666666666666664,0.2619047619047619,0.16666666666666666,0.023809523809523808,0.22023809523809523,0.02976190476190476,0.0597216412425041
NE2,2022,2022-01-03,1.89,19.3,23.35,48.150000000000006,7.0,91.0,26.0,716.4,0.0,42.0,3.45,0.0,14.815000000000001,6.25,156.5,0.07738095238095238,0.13095238095238096,0.03571428571428571,0.19642857142857142,0.1488095238095238,0.06547619047619048,0.3392857142857143,0.005952380952380952,0.0670211166143417
NE2,2022,2022-01-10,1.71,9.9,19.2,29.75,10.0,98.0,23.0,722.6,0.0,36.0,3.2,0.001,14.07,6.7,292.5,0.041666666666666664,0.26785714285714285,0.011904761904761904,0.21428571428571427,0.13690476190476192,0.03571428571428571,0.22023809523809523,0.0,0.0750647783279419
NE2,2022,2022-01-17,1.72,8.5,18.9,30.9,10.0,70.0,15.0,719.1,0.0,54.0,3.3,0.0,8.85,6.55,286.5,0.06547619047619048,0.27976190476190477,0.07738095238095238,0.19642857142857142,0.1488095238095238,0.0,0.2261904761904762,0.005952380952380952,0.070435419678688
NE2,2022,2022-01-24,1.8250000000000002,13.45,18.35,33.85,6.0,53.0,16.0,720.25,0.0,84.0,3.1,0.0,12.24,7.300000000000001,143.0,0.11904761904761904,0.18452380952380953,0.08928571428571429,0.23214285714285715,0.03571428571428571,0.0,0.32142857142857145,0.017857142857142856,0.0401360057294368
NE2,2022,2022-01-31,1.7,6.5,13.8,20.3,10.0,54.5,15.0,715.7,0.0,57.0,3.1,0.0,13.27,8.95,299.0,0.125,0.23214285714285715,0.02976190476190476,0.2857142857142857,0.05952380952380952,0.005952380952380952,0.2261904761904762,0.0,
NE2,2022,2022-02-07,1.74,6.7,18.1,25.0,12.0,57.0,16.0,720.1,0.0,52.0,3.1,0.001,14.05,10.1,176.0,0.05357142857142857,0.15476190476190477,0.06547619047619048,0.21428571428571427,0.11904761904761904,0.03571428571428571,0.30952380952380953,0.005952380952380952,0.049128733575344
NE2,2022,2022-02-14,1.9,9.4,20.75,31.65,12.0,70.0,18.0,720.4,0.0,40.0,4.2,0.0035,17.095,9.05,134.0,0.11904761904761904,0.11904761904761904,0.041666666666666664,0.13095238095238096,0.05952380952380952,0.02976190476190476,0.5,0.0,0.0412103589624166
NE2,2022,2022-02-21,1.84,9.6,15.9,26.9,6.0,66.0,20.0,717.45,0.0,70.0,3.5,0.001,14.35,9.1,138.0,0.08928571428571429,0.17857142857142858,0.05952380952380952,0.13095238095238096,0.023809523809523808,0.023809523809523808,0.48214285714285715,0.005952380952380952,-0.0126864011399447
NE2,2022,2022-02-28,1.94,11.0,15.7,27.2,10.0,61.0,19.0,718.0,0.0,63.0,3.5,0.0025,19.36,7.7,125.0,0.2916666666666667,0.041666666666666664,0.06547619047619048,0.05357142857142857,0.0,0.02976190476190476,0.5,0.0,0.036781258881092
NE2,2022,2022-03-07,1.855,5.1,12.45,18.2,14.0,59.5,15.0,715.5,0.0,45.5,3.25,0.001,15.82,10.55,134.5,0.08928571428571429,0.25,0.06547619047619048,0.08333333333333333,0.005952380952380952,0.017857142857142856,0.4166666666666667,0.0,0.0456630643457174
NE2,2022,2022-03-14,1.95,5.8,15.8,21.7,28.0,88.5,19.0,716.6500000000001,0.0,26.0,4.4,0.031,22.64,9.649999999999999,134.0,0.16071428571428573,0.125,0.05357142857142857,0.14285714285714285,0.047619047619047616,0.005952380952380952,0.36904761904761907,0.0,0.04616111330688
NE2,2022,2022-03-21,2.16,4.2,14.850000000000001,19.2,33.0,92.0,19.0,715.3,0.0,19.0,4.4,0.0045000000000000005,22.0,8.4,140.0,0.11904761904761904,0.25,0.06547619047619048,0.125,0.08928571428571429,0.005952380952380952,0.30952380952380953,0.005952380952380952,0.0582553446292877
NE2,2022,2022-03-28,1.97,5.6,12.6,18.6,25.0,76.0,24.0,710.9,0.0,48.0,5.3,0.008,25.215,9.5,126.0,0.20238095238095238,0.08333333333333333,0.07738095238095238,0.05952380952380952,0.023809523809523808,0.011904761904761904,0.5,0.0,0.0574894659221172
NE2,2022,2022-04-04,2.01,6.1,12.6,18.200000000000003,30.0,87.0,22.0,709.5,0.0,31.0,4.1,0.0175,24.91,9.3,136.0,0.17261904761904762,0.09523809523809523,0.017857142857142856,0.1488095238095238,0.03571428571428571,0.02976190476190476,0.48214285714285715,0.005952380952380952,0.0481979474425315
NE2,2022,2022-04-11,1.92,4.8,9.3,14.8,20.0,69.0,24.0,709.5,0.0,55.0,2.8,0.0175,27.925,8.5,124.0,0.2916666666666667,0.05952380952380952,0.05952380952380952,0.07142857142857142,0.07142857142857142,0.023809523809523808,0.4107142857142857,0.011904761904761904,-0.0073647340759634
NE2,2022,2022-04-18,2.05,9.1,9.5,20.2,16.0,68.0,21.0,712.8,0.0,64.0,3.5,0.0125,25.4,11.7,112.0,0.48214285714285715,0.011904761904761904,0.017857142857142856,0.011904761904761904,0.0,0.0,0.47023809523809523,0.0,0.0410539656877517
NE2,2022,2022-04-25,2.08,7.25,9.1,16.6,18.0,60.0,19.0,711.0,0.0,68.0,4.05,0.010499999999999999,24.33,9.2,120.0,0.2857142857142857,0.08928571428571429,0.02976190476190476,0.023809523809523808,0.011904761904761904,0.023809523809523808,0.43452380952380953,0.0,
NE2,2022,2022-05-02,2.1,6.4,10.1,17.5,16.0,80.0,30.0,709.1,0.0,57.5,2.6,0.039999999999999994,29.369999999999997,9.05,112.0,0.39285714285714285,0.02976190476190476,0.10119047619047619,0.047619047619047616,0.023809523809523808,0.005952380952380952,0.39880952380952384,0.0,0.0328606143593788
NE2,2022,2022-05-09,2.19,8.1,9.45,18.65,17.0,72.0,20.0,712.5,0.0,62.0,3.2,0.018,28.0,10.5,112.0,0.42857142857142855,0.03571428571428571,0.06547619047619048,0.0,0.0,0.0,0.47023809523809523,0.0,0.0514829978346824
NE2,2022,2022-05-16,2.24,6.0,14.8,21.75,23.0,83.5,27.0,710.3,0.0,53.5,4.3,0.0475,29.205,10.3,110.0,0.4226190476190476,0.023809523809523808,0.07738095238095238,0.005952380952380952,0.023809523809523808,0.017857142857142856,0.42857142857142855,0.0,0.0484038144350051
NE2,2022,2022-05-23,2.21,8.0,11.7,20.7,16.0,72.5,20.0,711.95,0.0,68.5,3.4,0.028499999999999998,25.63,8.9,121.0,0.35714285714285715,0.03571428571428571,0.05952380952380952,0.023809523809523808,0.0,0.011904761904761904,0.5119047619047619,0.0,0.0555006489157676
NE2,2022,2022-05-30,2.25,9.0,8.9,18.85,13.0,58.5,16.0,709.8499999999999,0.0,57.5,4.65,0.0335,27.955,11.1,115.0,0.3869047619047619,0.041666666666666664,0.023809523809523808,0.017857142857142856,0.0,0.017857142857142856,0.5,0.0,
NE2,2022,2022-06-06,2.17,7.5,9.149999999999999,18.1,17.0,73.0,23.5,710.45,0.0,52.0,5.9,0.038,29.58,10.25,111.0,0.4880952380952381,0.011904761904761904,0.017857142857142856,0.005952380952380952,0.005952380952380952,0.0,0.4583333333333333,0.0,0.0482783839106559
NE2,2022,2022-06-13,1.55,10.649999999999999,6.95,18.0,16.0,96.5,29.0,713.5,0.0,51.0,5.6,0.0595,28.71,14.5,128.0,0.2619047619047619,0.0,0.0,0.0,0.0,0.0,0.7321428571428571,0.0,0.0335829332470893
NE2,2022,2022-06-20,1.6150000000000002,8.9,8.55,18.7,18.0,46.0,16.0,715.5,0.0,52.0,6.9,0.051500000000000004,28.314999999999998,11.850000000000001,111.0,0.47619047619047616,0.005952380952380952,0.05357142857142857,0.0,0.0,0.005952380952380952,0.43452380952380953,0.0,0.0404085293412208
NE2,2022,2022-06-27,1.52,5.2,8.3,14.6,23.0,43.0,16.0,715.1,0.0,55.0,3.6,0.0635,28.95,7.0,155.0,0.16666666666666666,0.05357142857142857,0.08928571428571429,0.1130952380952381,0.10119047619047619,0.047619047619047616,0.16071428571428573,0.11904761904761904,0.0340628251433372
NE2,2022,2022-07-04,1.63,8.649999999999999,7.3,17.05,13.0,61.0,17.5,714.8,0.0,48.5,6.75,0.0875,30.995,8.0,,0.0,0.0,0.0,0.0,0.0,0.0,0.0,0.0,0.0332694500684738
NE2,2022,2022-07-11,1.65,7.199999999999999,7.6,14.5,16.0,54.5,20.0,713.8,0.0,48.0,6.3,0.047,30.3,10.2,,0.0,0.0,0.0,0.0,0.0,0.0,0.0,0.0,0.0324916951358318
NE2,2022,2022-07-18,1.72,7.300000000000001,7.7,16.5,16.0,70.5,22.0,713.3,0.0,48.0,7.6,0.044,30.835,11.9,,0.0,0.0,0.0,0.0,0.0,0.0,0.0,0.0,0.0340300761163234
NE2,2022,2022-07-25,1.77,9.25,8.8,18.049999999999997,16.0,64.5,14.0,714.6500000000001,0.0,48.0,8.6,0.03949999999999999,29.665,12.5,,0.0,0.0,0.0,0.0,0.0,0.0,0.0,0.0,0.0288037406280636
NE2,2022,2022-08-01,1.8,8.1,7.7,16.3,18.0,67.0,21.0,713.8,0.0,47.0,9.2,0.0495,30.26,12.8,,0.0,0.0,0.0,0.0,0.0,0.0,0.0,0.0,0.0275680795311927
NE2,2022,2022-08-08,1.79,6.199999999999999,7.85,16.1,16.0,48.0,14.0,715.5,0.0,56.0,4.7,0.026500000000000003,28.575,9.2,,0.0,0.0,0.0,0.0,0.0,0.0,0.0,0.0,0.0241272300481796
NE2,2022,2022-08-15,1.8849999999999998,8.4,7.0,16.7,15.0,52.0,15.0,713.0,0.0,59.0,3.9,0.025500000000000002,28.765,10.7,,0.0,0.0,0.0,0.0,0.0,0.0,0.0,0.0,0.0142487790435552
NE2,2022,2022-08-22,1.83,5.9,7.1,13.8,14.0,39.0,13.0,713.1,0.0,57.0,3.45,0.019,29.455,7.1,,0.0,0.0,0.0,0.0,0.0,0.0,0.0,0.0,0.0261410549283027
NE2,2022,2022-08-29,1.91,9.0,8.3,17.8,12.0,44.0,15.0,714.6,0.0,70.0,3.4,0.0135,26.87,9.4,,0.0,0.0,0.0,0.0,0.0,0.0,0.0,0.0,-0.0269072987139225
NE2,2022,2022-09-05,1.94,6.6,9.5,17.4,14.0,43.0,13.0,715.3,0.0,68.0,3.5,0.013,25.915,6.7,,0.0,0.0,0.0,0.0,0.0,0.0,0.0,0.0,0.0486637353897094
NE2,2022,2022-09-12,1.96,8.55,8.2,16.700000000000003,16.0,46.0,14.0,715.0,0.0,62.0,5.1,0.013,27.085,10.4,,0.0,0.0,0.0,0.0,0.0,0.0,0.0,0.0,-0.0107946130447089
NE2,2022,2022-09-19,1.98,7.6,9.0,19.5,16.0,47.0,15.0,715.6,0.0,59.0,3.9,0.012,27.865000000000002,9.5,,0.0,0.0,0.0,0.0,0.0,0.0,0.0,0.0,0.043084867298603
NE2,2022,2022-09-26,2.15,6.2,14.5,20.9,23.0,60.0,17.0,718.2,0.0,54.0,3.8,0.006500000000000001,25.09,6.4,,0.0,0.0,0.0,0.0,0.0,0.0,0.0,0.0,0.0604905150830745
NE2,2022,2022-10-03,2.23,7.8,15.850000000000001,22.7,17.0,50.0,16.0,719.8,0.0,67.0,3.7,0.002,22.810000000000002,6.05,,0.0,0.0,0.0,0.0,0.0,0.0,0.0,0.0,
NE2,2022,2022-10-10,2.325,10.8,14.0,25.7,13.5,61.0,20.0,715.0,0.0,63.0,4.2,0.002,25.104999999999997,7.15,139.0,0.08333333333333333,0.09523809523809523,0.041666666666666664,0.09523809523809523,0.011904761904761904,0.125,0.4583333333333333,0.011904761904761904,0.0187976211309433
NE2,2022,2022-10-17,2.4050000000000002,7.449999999999999,14.15,21.5,19.0,50.0,20.0,716.6,0.0,66.5,4.3,0.001,20.45,7.15,148.0,0.1130952380952381,0.23809523809523808,0.023809523809523808,0.19047619047619047,0.017857142857142856,0.05357142857142857,0.35119047619047616,0.005952380952380952,0.0619388204067945
NE2,2022,2022-10-24,1.41,8.5,15.3,25.200000000000003,22.0,60.0,21.0,715.1,0.0,46.5,4.8,0.001,22.375,7.55,150.0,0.06547619047619048,0.22023809523809523,0.041666666666666664,0.10714285714285714,0.011904761904761904,0.09523809523809523,0.42857142857142855,0.0,0.0585500597953796
NE2,2022,2022-10-31,1.2,7.1,13.1,22.299999999999997,18.0,46.0,17.0,714.3499999999999,0.0,70.0,4.0,0.0,21.17,6.95,146.5,0.09523809523809523,0.2261904761904762,0.06547619047619048,0.10714285714285714,0.023809523809523808,0.06547619047619048,0.40476190476190477,0.0,0.0174119798466563
NE2,2022,2022-11-07,1.2,8.0,10.75,20.2,17.0,47.0,15.0,717.7,0.0,62.0,4.4,0.0,21.65,9.2,137.5,0.041666666666666664,0.15476190476190477,0.041666666666666664,0.005952380952380952,0.0,0.05952380952380952,0.6845238095238095,0.0,0.0356898382306098
NE2,2022,2022-11-14,0.575,5.9,12.8,18.65,21.0,33.0,9.0,724.05,0.0,77.0,2.0,0.0,10.3,9.4,218.0,0.05357142857142857,0.5714285714285714,0.023809523809523808,0.07142857142857142,0.017857142857142856,0.05952380952380952,0.17261904761904762,0.005952380952380952,0.0746092200279235
NE2,2022,2022-11-21,0.61,12.8,17.4,32.3,14.0,43.0,16.0,716.3499999999999,0.0,83.0,2.75,0.0,14.515,6.65,252.0,0.047619047619047616,0.3869047619047619,0.023809523809523808,0.16666666666666666,0.041666666666666664,0.08333333333333333,0.22023809523809523,0.011904761904761904,-0.0174165461212396
NE2,2022,2022-11-28,0.79,22.7,21.7,46.5,9.0,66.0,24.0,719.7,0.0,82.0,3.1,0.0,18.24,5.2,160.0,0.017857142857142856,0.19047619047619047,0.03571428571428571,0.14285714285714285,0.11904761904761904,0.14285714285714285,0.31547619047619047,0.02976190476190476,0.0473090521991252
NE2,2022,2022-12-05,0.835,19.4,21.85,45.55,10.0,79.0,31.0,715.8,0.0,76.0,3.9,0.0,21.075,5.55,139.5,0.1488095238095238,0.10119047619047619,0.13095238095238096,0.16666666666666666,0.023809523809523808,0.05357142857142857,0.3630952380952381,0.011904761904761904,0.0312301442027091
NE2,2022,2022-12-12,0.97,16.0,25.6,44.1,20.0,76.0,23.0,714.2,0.0,50.0,3.6,0.0,17.84,6.2,151.0,0.05952380952380952,0.27380952380952384,0.05952380952380952,0.1130952380952381,0.06547619047619048,0.041666666666666664,0.3630952380952381,0.005952380952380952,0.060081623494625
NE2,2022,2022-12-19,1.09,11.15,20.7,30.299999999999997,14.0,61.0,20.0,723.05,0.0,56.0,2.7,0.0,10.76,7.0,147.0,0.02976190476190476,0.2619047619047619,0.06547619047619048,0.18452380952380953,0.017857142857142856,0.02976190476190476,0.39285714285714285,0.017857142857142856,0.0579648148268461
NE2,2022,2022-12-26,1.47,20.2,34.2,57.6,12.0,95.5,26.0,714.45,0.0,41.0,3.7,0.0175,17.68,7.35,159.0,0.10119047619047619,0.03571428571428571,0.02976190476190476,0.3333333333333333,0.05952380952380952,0.07738095238095238,0.3333333333333333,0.017857142857142856,0.0458847396075725
NE2,2023,2023-01-02,1.22,13.5,26.9,41.7,17.0,84.0,23.0,717.8,0.0,44.0,3.9,0.001,20.74,8.649999999999999,156.5,0.047619047619047616,0.19642857142857142,0.047619047619047616,0.19047619047619047,0.047619047619047616,0.07142857142857142,0.35119047619047616,0.011904761904761904,0.049620933830738
NE2,2023,2023-01-09,1.37,15.7,33.3,51.8,19.0,83.5,23.0,719.25,0.0,38.0,3.9,0.001,18.77,6.8,151.0,0.02976190476190476,0.19047619047619047,0.047619047619047616,0.18452380952380953,0.05952380952380952,0.06547619047619048,0.40476190476190477,0.005952380952380952,0.0467744022607803
NE2,2023,2023-01-16,1.38,17.25,32.1,50.650000000000006,17.0,91.0,22.0,713.0,0.0,37.0,3.9,0.001,18.61,8.9,157.0,0.023809523809523808,0.2619047619047619,0.02976190476190476,0.17261904761904762,0.03571428571428571,0.08928571428571429,0.30952380952380953,0.011904761904761904,-0.0051102589350193
NE2,2023,2023-01-23,1.45,14.2,30.35,45.8,20.0,65.0,17.0,716.7,0.0,52.0,3.55,0.006,13.925,3.4,174.0,0.05952380952380952,0.26785714285714285,0.017857142857142856,0.19047619047619047,0.07142857142857142,0.09523809523809523,0.22023809523809523,0.011904761904761904,0.0418440103530883
NE2,2023,2023-01-30,1.38,16.3,20.1,36.6,11.0,56.0,15.0,721.3,0.0,73.0,3.0,0.0,11.29,5.2,154.5,0.041666666666666664,0.3273809523809524,0.05952380952380952,0.1130952380952381,0.06547619047619048,0.05952380952380952,0.30952380952380953,0.0,0.0498744957149028
NE2,2023,2023-02-06,1.36,9.1,21.9,31.4,22.0,61.0,13.0,717.8,0.0,37.0,3.8499999999999996,0.0,16.87,7.9,147.0,0.10179640718562874,0.2634730538922156,0.041916167664670656,0.12574850299401197,0.011976047904191617,0.05389221556886228,0.3772455089820359,0.011976047904191617,0.0342226456850767
NE2,2023,2023-02-13,1.75,12.8,26.9,41.2,23.0,67.0,17.5,716.45,0.0,28.0,3.6,0.0005,16.89,11.5,145.0,0.07738095238095238,0.26785714285714285,0.05357142857142857,0.17261904761904762,0.041666666666666664,0.05952380952380952,0.31547619047619047,0.005952380952380952,0.0407098531723022
NE2,2023,2023-02-20,1.74,12.7,23.7,37.2,15.0,84.0,21.0,713.5,0.0,50.0,3.8,0.0025,25.24,11.6,149.0,0.08928571428571429,0.06547619047619048,0.023809523809523808,0.20238095238095238,0.03571428571428571,0.047619047619047616,0.5119047619047619,0.017857142857142856,0.048150286078453
NE2,2023,2023-02-27,1.96,11.3,26.2,37.2,22.5,109.0,22.0,709.7,0.0,33.0,4.1,0.0,25.19,7.7,147.0,0.08333333333333333,0.14285714285714285,0.07142857142857142,0.17261904761904762,0.0,0.05952380952380952,0.42857142857142855,0.0,0.0507546979933977
NE2,2023,2023-03-06,1.97,11.8,19.8,33.2,16.0,82.5,26.0,713.0,0.0,57.0,3.6500000000000004,0.006,25.09,7.0,130.0,0.18452380952380953,0.10714285714285714,0.05357142857142857,0.047619047619047616,0.005952380952380952,0.05357142857142857,0.5357142857142857,0.005952380952380952,0.0379335470497608
NE2,2023,2023-03-13,1.86,8.25,16.15,24.75,24.0,47.0,12.0,717.9,0.0,71.0,2.6500000000000004,0.0,16.799999999999997,9.7,149.0,0.07142857142857142,0.25,0.017857142857142856,0.03571428571428571,0.0,0.17857142857142858,0.3869047619047619,0.0,-0.0292785512283444
NE2,2023,2023-03-20,0.0,9.3,18.4,28.1,20.0,79.0,20.0,711.9,0.0,56.0,3.8,0.003,24.18,7.4,144.0,0.13095238095238096,0.1130952380952381,0.06547619047619048,0.13690476190476192,0.011904761904761904,0.07142857142857142,0.4523809523809524,0.011904761904761904,0.0125487893819808
NE2,2023,2023-03-27,1.48,11.1,19.1,31.6,17.0,74.0,25.0,714.1,0.0,77.0,3.4,0.0035,22.17,7.0,141.0,0.14285714285714285,0.16666666666666666,0.047619047619047616,0.06547619047619048,0.041666666666666664,0.08333333333333333,0.43452380952380953,0.005952380952380952,
NE2,2023,2023-04-03,1.3050000000000002,4.85,13.75,18.049999999999997,20.0,50.0,12.0,717.4,0.0,73.0,3.0,0.008,19.7,7.45,141.0,0.09523809523809523,0.34523809523809523,0.07738095238095238,0.11904761904761904,0.0,0.08333333333333333,0.27380952380952384,0.0,-0.0273915259167552
NE2,2023,2023-04-10,1.3250000000000002,10.6,20.9,33.7,22.0,74.0,15.0,715.05,0.0,58.0,3.2,0.014,22.555,8.5,147.0,0.14285714285714285,0.09523809523809523,0.017857142857142856,0.10119047619047619,0.05952380952380952,0.09523809523809523,0.48214285714285715,0.0,
NE2,2023,2023-04-17,1.29,8.8,17.2,26.5,22.0,68.0,19.0,711.4,0.0,69.0,3.6,0.02,23.55,9.6,139.0,0.13095238095238096,0.14285714285714285,0.03571428571428571,0.03571428571428571,0.0,0.05357142857142857,0.5892857142857143,0.005952380952380952,0.0325963832437992
NE2,2023,2023-04-24,1.33,10.4,19.8,31.6,21.0,57.0,17.0,710.45,0.0,71.0,3.5,0.0,23.07,9.2,149.0,0.041666666666666664,0.19047619047619047,0.041666666666666664,0.06547619047619048,0.005952380952380952,0.07142857142857142,0.35714285714285715,0.0,0.0166015429422259
NE2,2023,2023-05-01,1.86,8.8,17.9,27.05,20.0,84.5,34.0,711.5,0.0,63.5,3.1,0.022,26.985,8.95,142.0,0.10119047619047619,0.017857142857142856,0.023809523809523808,0.02976190476190476,0.005952380952380952,0.06547619047619048,0.5416666666666666,0.0,
NE2,2023,2023-05-08,0.985,7.7,19.9,29.4,24.0,66.0,21.5,710.5,0.0,71.0,3.4,0.009000000000000001,24.26,8.3,143.0,0.10714285714285714,0.09523809523809523,0.10119047619047619,0.041666666666666664,0.023809523809523808,0.13690476190476192,0.4523809523809524,0.03571428571428571,0.0433797612786293
NE2,2023,2023-05-15,1.18,7.5,21.25,28.450000000000003,21.5,56.0,18.0,715.8,0.0,69.0,3.4,0.039,24.84,6.5,143.0,0.041666666666666664,0.18452380952380953,0.10714285714285714,0.16666666666666666,0.041666666666666664,0.05952380952380952,0.3869047619047619,0.011904761904761904,
NE2,2023,2023-05-22,1.42,10.7,16.7,28.35,24.0,61.0,17.0,713.5,0.0,65.0,3.5,0.013,26.32,10.9,138.0,0.15476190476190477,0.017857142857142856,0.03571428571428571,0.0,0.017857142857142856,0.047619047619047616,0.6964285714285714,0.0,0.0069749141111969
NE2,2023,2023-05-29,1.3,11.8,17.0,29.549999999999997,25.0,55.0,14.0,710.9,0.0,68.0,4.0,0.031,26.705,10.2,137.0,0.13690476190476192,0.06547619047619048,0.02976190476190476,0.05952380952380952,0.005952380952380952,0.017857142857142856,0.6309523809523809,0.005952380952380952,0.0566535964608192
NE2,2023,2023-06-05,1.35,9.75,16.4,26.9,26.0,63.0,23.0,711.1,0.0,61.0,2.2,0.014,29.03,6.6,138.0,0.11904761904761904,0.047619047619047616,0.047619047619047616,0.10119047619047619,0.0,0.03571428571428571,0.5595238095238095,0.0,0.0573606081306934
NE2,2023,2023-06-12,1.4,8.7,17.15,26.75,22.0,85.0,30.0,708.6,0.0,55.0,2.0,0.004,32.905,2.55,144.5,0.05952380952380952,0.011904761904761904,0.023809523809523808,0.08333333333333333,0.05357142857142857,0.041666666666666664,0.5119047619047619,0.09523809523809523,0.0633237808942794
NE2,2023,2023-06-19,1.31,8.5,17.3,26.8,44.0,76.0,27.0,710.0,0.0,39.0,1.7,0.0,33.74,8.5,133.0,0.16666666666666666,0.05357142857142857,0.07142857142857142,0.017857142857142856,0.005952380952380952,0.005952380952380952,0.6369047619047619,0.0,0.0504971966147422
NE2,2023,2023-06-26,1.29,11.5,12.8,25.2,27.5,58.0,14.0,712.6,0.0,52.0,1.8,0.0,30.47,11.8,131.0,0.17857142857142858,0.017857142857142856,0.023809523809523808,0.011904761904761904,0.0,0.017857142857142856,0.7380952380952381,0.005952380952380952,0.047856118530035
NE2,2023,2023-07-03,1.22,9.95,13.2,24.55,29.0,54.5,17.0,713.3,0.0,67.0,1.7,0.022,27.96,8.2,135.5,0.22023809523809523,0.011904761904761904,0.05357142857142857,0.023809523809523808,0.005952380952380952,0.06547619047619048,0.6011904761904762,0.017857142857142856,0.0229822658002376
NE2,2023,2023-07-10,1.27,10.45,14.25,25.85,30.0,68.5,23.0,712.4,0.0,52.0,1.8,0.0,31.58,10.75,128.5,0.27380952380952384,0.005952380952380952,0.03571428571428571,0.0,0.0,0.05952380952380952,0.625,0.0,0.0618742518126964
NE2,2023,2023-07-17,1.33,10.850000000000001,12.55,23.9,26.0,68.0,21.5,715.2,0.0,61.5,2.0,0.051500000000000004,31.21,10.0,125.0,0.22023809523809523,0.047619047619047616,0.05357142857142857,0.011904761904761904,0.0,0.03571428571428571,0.6309523809523809,0.0,0.0480137355625629
NE2,2023,2023-07-24,1.505,10.55,15.1,25.75,35.0,61.5,20.0,716.7,0.0,,4.2,0.0465,29.555,10.6,131.0,0.21428571428571427,0.0,0.011904761904761904,0.0,0.0,0.03571428571428571,0.7380952380952381,0.0,0.0465988405048847
NE2,2023,2023-07-31,1.5,12.1,13.5,25.7,30.0,52.0,17.0,714.5,0.0,,3.5,0.008,31.32,10.4,233.0,0.10714285714285714,0.011904761904761904,0.011904761904761904,0.2261904761904762,0.25,0.011904761904761904,0.34523809523809523,0.02976190476190476,0.0403412692248821
NE2,2023,2023-08-07,1.64,10.2,13.8,25.0,30.0,63.5,22.0,712.4,0.0,49.0,2.6,0.0,31.04,9.7,287.0,0.0,0.011904761904761904,0.0,0.36904761904761907,0.5595238095238095,0.0,0.0,0.047619047619047616,0.0392170473933219
NE2,2023,2023-08-14,1.69,11.1,12.6,24.1,28.0,64.0,22.0,714.1,0.0,42.0,2.6,0.001,31.0,9.5,284.0,0.0,0.005952380952380952,0.0,0.31547619047619047,0.5416666666666666,0.05952380952380952,0.011904761904761904,0.047619047619047616,0.0369327310472726
NE2,2023,2023-08-21,1.65,7.0,14.6,22.3,41.0,53.0,15.0,714.3,0.0,51.0,2.2,0.029,29.04,8.6,278.0,0.017857142857142856,0.005952380952380952,0.0,0.2976190476190476,0.31547619047619047,0.11904761904761904,0.11904761904761904,0.11904761904761904,0.0182489641010761
NE2,2023,2023-08-28,1.72,4.8,18.5,23.6,57.0,56.0,21.0,713.0,0.0,34.0,3.0,0.0155,31.72,7.2,238.0,0.05357142857142857,0.005952380952380952,0.023809523809523808,0.19642857142857142,0.27380952380952384,0.16071428571428573,0.19047619047619047,0.08928571428571429,0.0405854601413011
NE2,2023,2023-09-04,1.74,10.9,12.9,25.25,29.0,52.0,17.0,713.3,0.0,47.5,3.4,0.0145,31.41,9.75,285.0,0.0,0.0,0.0,0.35119047619047616,0.5595238095238095,0.041666666666666664,0.005952380952380952,0.041666666666666664,0.0351075194776058
NE2,2023,2023-09-11,1.78,8.7,14.1,23.2,36.0,53.0,11.0,714.05,0.0,52.5,3.0,0.01,29.73,8.7,280.0,0.011904761904761904,0.005952380952380952,0.017857142857142856,0.32142857142857145,0.39285714285714285,0.08928571428571429,0.05952380952380952,0.08928571428571429,0.0361292399466037
NE2,2023,2023-09-18,0.98,12.5,18.9,32.4,23.0,63.0,17.0,712.95,0.0,51.0,3.1,0.015,29.619999999999997,7.7,283.0,0.017857142857142856,0.011904761904761904,0.0,0.375,0.47023809523809523,0.05357142857142857,0.041666666666666664,0.02976190476190476,0.0452302601188421
NE2,2023,2023-09-25,0.835,12.1,18.4,31.6,23.0,57.0,13.0,714.6,0.0,55.0,3.4,0.005,28.365000000000002,7.45,286.5,0.023809523809523808,0.011904761904761904,0.0,0.39880952380952384,0.375,0.08333333333333333,0.041666666666666664,0.05357142857142857,0.0434285849332809
NE2,2023,2023-10-02,1.25,7.6,13.8,23.45,24.0,49.0,12.0,715.5,0.0,69.5,2.2,0.0015,25.115,7.4,249.5,0.08928571428571429,0.017857142857142856,0.023809523809523808,0.31547619047619047,0.17261904761904762,0.13690476190476192,0.18452380952380953,0.05952380952380952,
NE2,2023,2023-10-09,1.53,12.8,22.5,36.0,20.0,73.0,18.0,711.6,0.0,75.0,2.3,0.001,21.16,5.3,250.0,0.05357142857142857,0.017857142857142856,0.017857142857142856,0.35714285714285715,0.13095238095238096,0.17857142857142858,0.16666666666666666,0.06547619047619048,0.0323029998689889
NE2,2023,2023-10-16,1.76,15.4,30.049999999999997,48.8,23.5,96.5,27.0,715.5,0.0,49.0,3.9,0.002,22.85,6.15,271.5,0.07142857142857142,0.0,0.0,0.4107142857142857,0.125,0.09523809523809523,0.24404761904761904,0.05357142857142857,0.0479580238461494
NE2,2023,2023-10-23,1.59,13.8,16.3,33.25,18.0,71.5,20.0,712.1500000000001,0.0,67.5,2.2,0.01,25.92,5.4,301.0,0.07142857142857142,0.005952380952380952,0.03571428571428571,0.6071428571428571,0.20833333333333334,0.005952380952380952,0.05357142857142857,0.005952380952380952,-0.043954525142908
NE2,2023,2023-10-30,1.9,12.5,21.85,34.4,25.0,63.0,16.0,722.2,0.0,56.0,3.5,0.008,15.920000000000002,7.95,168.5,0.09580838323353294,0.0,0.005988023952095809,0.31736526946107785,0.0718562874251497,0.24550898203592814,0.19760479041916168,0.059880239520958084,0.0647769048810005
NE2,2023,2023-11-06,1.8,9.2,15.95,23.0,17.0,45.5,13.0,715.5,0.0,77.0,2.7,0.0,19.45,6.55,161.0,0.041666666666666664,0.005952380952380952,0.011904761904761904,0.21428571428571427,0.08928571428571429,0.22023809523809523,0.36904761904761907,0.047619047619047616,
NE2,2023,2023-11-13,1.95,11.45,21.15,34.5,21.0,79.0,23.0,718.3,0.0,76.0,3.0,0.0,18.585,6.9,209.5,0.07738095238095238,0.023809523809523808,0.0,0.38095238095238093,0.05357142857142857,0.08928571428571429,0.3333333333333333,0.041666666666666664,-0.0102415275759994
NE2,2023,2023-11-20,1.935,12.55,18.9,32.400000000000006,24.0,60.5,14.0,717.3,0.0,66.5,3.0,0.0,16.945,7.5,169.0,0.05952380952380952,0.017857142857142856,0.011904761904761904,0.27976190476190477,0.07142857142857142,0.26785714285714285,0.26785714285714285,0.023809523809523808,0.0106608364731073
NE2,2023,2023-11-27,2.24,25.5,24.0,48.6,15.0,79.0,23.5,717.5,0.0,82.0,3.4,0.0,14.43,5.1,245.0,0.11904761904761904,0.02976190476190476,0.0,0.38095238095238093,0.08333333333333333,0.11904761904761904,0.19047619047619047,0.07142857142857142,0.0618706438690424
NE2,2023,2023-12-04,2.23,24.95,27.15,55.75,18.0,88.0,22.0,720.05,0.0,66.0,3.3,0.0,17.5,6.6,183.0,0.14285714285714285,0.0,0.005952380952380952,0.2857142857142857,0.16071428571428573,0.16666666666666666,0.19047619047619047,0.041666666666666664,0.0682526640594005
NE2,2023,2023-12-11,2.3,26.65,25.9,53.05,17.0,71.5,20.0,720.8499999999999,0.0,67.5,3.95,0.0,16.285,6.15,264.0,0.08928571428571429,0.011904761904761904,0.0,0.3273809523809524,0.18452380952380953,0.14285714285714285,0.21428571428571427,0.02976190476190476,0.0488309040665626
NE2,2023,2023-12-18,2.21,23.85,26.65,49.05,16.0,91.5,24.0,718.5,0.0,70.5,3.8,0.0,17.35,5.9,239.0,0.11904761904761904,0.017857142857142856,0.0,0.31547619047619047,0.15476190476190477,0.13690476190476192,0.20833333333333334,0.047619047619047616,0.0409926027059555
NE2,2023,2023-12-25,2.25,18.2,23.6,42.65,22.0,84.0,27.0,718.05,0.0,55.5,4.2,0.0,14.6,6.55,264.5,0.17857142857142858,0.011904761904761904,0.0,0.42857142857142855,0.08928571428571429,0.047619047619047616,0.19642857142857142,0.047619047619047616,0.0634508430957794
NE2,2024,2024-01-01,2.205,11.649999999999999,19.65,32.7,21.0,61.0,18.0,716.9,0.0,67.0,4.3,0.0,14.535,7.4,183.0,0.10714285714285714,0.005952380952380952,0.005952380952380952,0.30357142857142855,0.10714285714285714,0.13690476190476192,0.2916666666666667,0.041666666666666664,-0.0264877881854772
NE2,2024,2024-01-08,2.625,27.1,30.35,58.0,22.0,150.0,30.0,712.55,0.0,36.0,4.5,0.0005,16.07,7.15,199.5,0.13095238095238096,0.017857142857142856,0.03571428571428571,0.3630952380952381,0.05952380952380952,0.1488095238095238,0.18452380952380953,0.05952380952380952,0.0727420896291732
NE2,2024,2024-01-15,2.54,16.9,20.8,38.9,21.0,63.0,22.0,721.3499999999999,0.0,55.5,4.4,0.0,7.63,7.95,256.5,0.10714285714285714,0.011904761904761904,0.03571428571428571,0.375,0.13095238095238096,0.14285714285714285,0.15476190476190477,0.041666666666666664,0.0531907863914966
NE2,2024,2024-01-22,2.48,15.850000000000001,21.35,38.95,24.0,64.0,15.5,715.05,0.0,64.5,4.3,0.0005,18.22,6.75,171.5,0.09523809523809523,0.0,0.017857142857142856,0.2976190476190476,0.07738095238095238,0.2261904761904762,0.23214285714285715,0.05357142857142857,
NE2,2024,2024-01-29,2.58,16.7,27.1,44.1,23.0,78.0,18.0,717.25,0.0,47.0,4.3,0.0005,19.88,7.1,266.0,0.17857142857142858,0.0,0.005952380952380952,0.3333333333333333,0.18452380952380953,0.08928571428571429,0.1488095238095238,0.05357142857142857,0.0568656176328659
NE2,2024,2024-02-05,2.885,12.7,26.65,39.05,29.0,57.0,21.0,712.95,0.0,45.5,4.2,0.002,19.884999999999998,7.35,266.0,0.11904761904761904,0.023809523809523808,0.011904761904761904,0.38095238095238093,0.11904761904761904,0.19047619047619047,0.13690476190476192,0.017857142857142856,0.0518399439752101
NE2,2024,2024-02-12,2.81,11.7,22.1,32.4,24.0,56.0,16.0,718.4,0.0,68.0,3.5,0.0,15.1,7.1,166.0,0.07738095238095238,0.047619047619047616,0.017857142857142856,0.25595238095238093,0.05357142857142857,0.17261904761904762,0.32142857142857145,0.047619047619047616,0.0268758321180939
NE2,2024,2024-02-19,3.0,15.55,29.1,46.3,23.0,106.5,25.0,718.1,0.0,45.0,4.5,0.0,20.99,7.3,276.0,0.15476190476190477,0.017857142857142856,0.023809523809523808,0.4166666666666667,0.13690476190476192,0.05357142857142857,0.14285714285714285,0.047619047619047616,0.0477301105856895
NE2,2024,2024-02-26,2.91,10.55,25.7,38.1,22.0,99.0,25.0,714.5,0.0,38.0,4.0,0.0,22.95,8.0,237.0,0.06547619047619048,0.011904761904761904,0.005952380952380952,0.30952380952380953,0.17261904761904762,0.16071428571428573,0.2261904761904762,0.041666666666666664,0.0585751421749591
NE2,2024,2024-03-04,2.67,9.5,17.8,28.15,23.0,87.0,26.5,710.5,0.0,45.5,3.8,0.0035,21.685000000000002,8.9,291.0,0.023809523809523808,0.02976190476190476,0.0,0.4642857142857143,0.13095238095238096,0.13690476190476192,0.14285714285714285,0.07142857142857142,0.0442027673125267
NE2,2024,2024-03-11,2.96,11.8,19.4,33.5,21.0,67.5,18.0,711.2,0.0,65.0,3.7,0.0,22.875,7.5,281.0,0.03571428571428571,0.0,0.005952380952380952,0.3630952380952381,0.30357142857142855,0.125,0.08928571428571429,0.047619047619047616,
NE2,2024,2024-03-18,3.1,10.75,18.35,30.0,23.0,53.0,15.0,714.05,0.0,73.5,3.2,0.0035,17.97,8.7,289.0,0.07738095238095238,0.0,0.005952380952380952,0.48214285714285715,0.10119047619047619,0.17261904761904762,0.11904761904761904,0.041666666666666664,0.0673457235097885
NE2,2024,2024-03-25,3.18,6.7,16.4,23.4,31.0,64.0,16.0,712.0,0.0,40.0,4.3,0.0225,22.52,9.5,295.5,0.05357142857142857,0.023809523809523808,0.0,0.5238095238095238,0.17261904761904762,0.07738095238095238,0.1130952380952381,0.03571428571428571,0.064026340842247
NE2,2024,2024-04-01,3.25,7.6,20.7,29.0,28.0,68.0,17.0,712.1500000000001,0.0,31.0,3.9,0.1215,25.67,8.1,275.0,0.02976190476190476,0.005952380952380952,0.005952380952380952,0.40476190476190477,0.14285714285714285,0.2261904761904762,0.125,0.05357142857142857,0.0673105120658874
NE2,2024,2024-04-08,3.27,8.75,19.8,29.6,29.0,70.0,22.0,714.8,0.0,39.0,4.6,0.024,25.42,7.7,271.0,0.10714285714285714,0.005952380952380952,0.005952380952380952,0.34523809523809523,0.2261904761904762,0.041666666666666664,0.22023809523809523,0.023809523809523808,0.0210799570195376
NE2,2024,2024-04-15,3.23,9.7,16.799999999999997,29.2,17.0,67.0,26.5,711.6500000000001,0.0,69.0,2.9,0.009,24.88,8.75,282.0,0.006024096385542169,0.018072289156626505,0.024096385542168676,0.43373493975903615,0.1686746987951807,0.19879518072289157,0.060240963855421686,0.09036144578313253,
NE2,2024,2024-04-22,3.31,15.1,17.9,34.8,12.0,66.0,19.0,714.6,0.0,74.0,2.6,0.0,22.48,8.3,301.0,0.005952380952380952,0.017857142857142856,0.0,0.39880952380952384,0.20833333333333334,0.011904761904761904,0.023809523809523808,0.017857142857142856,0.0175974434241652
NE2,2024,2024-04-29,3.6100000000000003,5.6,14.8,21.5,15.0,73.5,30.0,708.25,0.0,62.5,2.6,0.044,28.39,10.9,296.0,0.0,0.005952380952380952,0.0,0.5238095238095238,0.2976190476190476,0.041666666666666664,0.017857142857142856,0.05357142857142857,-0.0080715455114841
NE2,2024,2024-05-06,4.215,5.7,17.75,24.6,15.0,90.0,32.0,706.7,0.0,55.0,2.5,0.0315,30.08,8.9,293.5,0.03571428571428571,0.023809523809523808,0.0,0.4880952380952381,0.27976190476190477,0.05357142857142857,0.05357142857142857,0.06547619047619048,0.0581414066255092
NE2,2024,2024-05-13,4.34,4.45,16.85,22.25,19.0,75.0,32.0,709.0,0.0,52.0,2.5,0.035500000000000004,29.689999999999998,9.3,292.0,0.02976190476190476,0.011904761904761904,0.0,0.47619047619047616,0.25595238095238093,0.1130952380952381,0.06547619047619048,0.047619047619047616,0.0534538738429546
NE2,2024,2024-05-20,4.675,4.8,16.700000000000003,23.4,16.0,97.5,42.0,707.8,0.0,53.0,2.6,0.0,31.195,9.6,297.0,0.0,0.0,0.005952380952380952,0.40476190476190477,0.1488095238095238,0.023809523809523808,0.011904761904761904,0.06547619047619048,0.0476190485060215
NE2,2024,2024-05-27,2.815,3.9,16.4,22.5,9.0,88.0,32.0,711.0,0.0,55.0,2.1,0.041,30.17,10.5,298.0,0.017857142857142856,0.005952380952380952,0.005952380952380952,0.49404761904761907,0.3273809523809524,0.005952380952380952,0.011904761904761904,0.03571428571428571,0.0077744169393554
NE2,2024,2024-06-03,4.17,5.1,17.7,24.7,18.0,84.0,29.0,709.45,0.0,48.0,2.0,0.034,30.445,7.85,294.0,0.023809523809523808,0.03571428571428571,0.023809523809523808,0.5059523809523809,0.19642857142857142,0.07738095238095238,0.09523809523809523,0.041666666666666664,0.0635917410254478
NE2,2024,2024-06-10,6.73,7.7,14.8,24.45,12.0,53.5,19.0,711.05,0.0,49.0,2.1,0.103,31.67,8.6,290.5,0.0,0.005952380952380952,0.005952380952380952,0.4523809523809524,0.36904761904761907,0.023809523809523808,0.011904761904761904,0.07142857142857142,0.0538595542311668
NE2,2024,2024-06-17,,6.5,10.3,18.4,7.0,25.0,9.0,701.4,0.0,76.0,2.1,0.095,26.91,3.5,272.0,0.06547619047619048,0.023809523809523808,0.03571428571428571,0.27976190476190477,0.2916666666666667,0.07142857142857142,0.13095238095238096,0.09523809523809523,0.0555519461631774
NE2,2024,2024-06-24,,12.3,12.4,26.25,6.0,50.0,12.0,711.7,0.0,68.5,2.2,0.043,27.25,2.45,294.0,0.06547619047619048,0.02976190476190476,0.041666666666666664,0.5,0.26785714285714285,0.023809523809523808,0.03571428571428571,0.03571428571428571,0.0645450204610824
NE2,2024,2024-07-01,,14.0,11.350000000000001,27.8,6.0,66.0,18.0,713.3,0.0,63.0,2.3,0.033,28.130000000000003,8.2,285.0,0.02976190476190476,0.011904761904761904,0.005952380952380952,0.34523809523809523,0.36904761904761907,0.07142857142857142,0.07142857142857142,0.08333333333333333,0.0576928351074457
NE2,2024,2024-07-08,,11.6,14.05,27.049999999999997,10.0,51.5,17.5,714.8,0.0,65.5,2.2,0.0,27.04,8.7,282.5,0.005952380952380952,0.0,0.0,0.25595238095238093,0.24404761904761904,0.07738095238095238,0.06547619047619048,0.05357142857142857,
NE2,2024,2024-07-15,,9.3,12.6,22.9,16.0,58.5,19.0,715.2,0.0,61.0,3.7,0.044,28.4,8.1,278.0,0.0,0.0,0.0,0.30357142857142855,0.31547619047619047,0.13095238095238096,0.02976190476190476,0.16666666666666666,
NE2,2024,2024-07-22,,9.65,14.75,24.75,14.0,45.0,16.0,714.8,0.0,71.0,3.6500000000000004,0.017,25.595,7.75,280.5,0.023809523809523808,0.005952380952380952,0.011904761904761904,0.39880952380952384,0.24404761904761904,0.09523809523809523,0.08928571428571429,0.13095238095238096,0.0756201762706041
NE2,2024,2024-07-29,,11.0,12.8,24.9,12.0,72.0,24.0,714.9,0.0,57.5,5.0,0.0235,29.0,9.4,293.0,0.017857142857142856,0.0,0.0,0.5,0.3333333333333333,0.041666666666666664,0.03571428571428571,0.06547619047619048,0.0396956503391265
NE2,2024,2024-08-05,1.09,9.9,13.7,24.7,14.5,51.5,17.0,715.05,0.0,44.0,4.3,0.013,29.875,7.75,283.0,0.017857142857142856,0.005952380952380952,0.0,0.375,0.35714285714285715,0.06547619047619048,0.09523809523809523,0.047619047619047616,0.0367423947900533
NE2,2024,2024-08-12,1.29,10.149999999999999,13.3,24.4,15.0,47.0,16.0,714.95,0.0,48.0,4.55,0.0115,28.92,12.6,295.0,0.0,0.0,0.0,0.5059523809523809,0.35714285714285715,0.02976190476190476,0.005952380952380952,0.05357142857142857,0.0756827071309089
NE2,2024,2024-08-19,1.55,8.649999999999999,14.5,24.55,18.0,50.0,18.5,716.4,0.0,51.0,4.6,0.0275,30.384999999999998,9.850000000000001,288.0,0.011904761904761904,0.0,0.0,0.4642857142857143,0.31547619047619047,0.07738095238095238,0.047619047619047616,0.08333333333333333,0.0483664646744728
NE2,2024,2024-08-26,1.69,8.5,14.5,23.1,19.0,47.0,13.0,715.0,0.0,66.0,3.3,0.011,26.92,8.6,267.0,0.02976190476190476,0.03571428571428571,0.02976190476190476,0.30952380952380953,0.24404761904761904,0.1130952380952381,0.13095238095238096,0.10119047619047619,0.0039982385933399
NE2,2024,2024-09-02,1.04,3.0,13.0,16.5,23.0,33.0,10.0,715.1,0.0,70.0,2.6,0.009,25.28,7.75,146.0,0.19642857142857142,0.023809523809523808,0.05952380952380952,0.03571428571428571,0.017857142857142856,0.27976190476190477,0.375,0.011904761904761904,
NE2,2024,2024-09-09,0.89,8.649999999999999,17.65,26.95,22.0,59.0,24.5,711.5,0.0,54.5,3.1,0.012,27.085,8.0,262.0,0.05357142857142857,0.005952380952380952,0.0,0.30357142857142855,0.18452380952380953,0.14285714285714285,0.18452380952380953,0.041666666666666664,0.0130326598882675
NE2,2024,2024-09-16,0.55,16.3,12.0,29.2,10.0,46.0,,711.3,0.0,72.0,4.5,0.007,26.82,9.0,297.0,0.0,0.0,0.0,0.5773809523809523,0.26785714285714285,0.041666666666666664,0.0,0.10714285714285714,-0.0193206928670406
NE2,2024,2024-09-23,0.93,12.0,17.7,35.5,14.0,55.0,23.5,712.3,0.0,52.0,3.9,0.004,27.55,6.9,191.0,0.08333333333333333,0.017857142857142856,0.0,0.2261904761904762,0.16666666666666666,0.17857142857142858,0.24404761904761904,0.07738095238095238,0.0610851161181926
NE2,2024,2024-09-30,0.95,8.9,22.2,31.2,28.0,47.0,32.0,715.6,0.0,52.0,3.8,0.003,26.37,7.5,179.0,0.13690476190476192,0.0,0.017857142857142856,0.19642857142857142,0.18452380952380953,0.14285714285714285,0.25,0.06547619047619048,0.065369114279747
NE2,2024,2024-10-07,1.25,17.299999999999997,29.75,49.349999999999994,14.0,77.5,,717.8,0.0,47.5,4.65,0.0035,25.285,7.55,201.0,0.125,0.023809523809523808,0.03571428571428571,0.19642857142857142,0.2261904761904762,0.06547619047619048,0.27380952380952384,0.05357142857142857,0.0717555433511734
NE2,2024,2024-10-14,1.13,14.6,20.75,35.55,19.5,40.0,,719.1,0.0,73.0,4.9,0.0015,21.509999999999998,8.6,278.0,0.041666666666666664,0.0,0.0,0.27976190476190477,0.5059523809523809,0.023809523809523808,0.05952380952380952,0.08928571428571429,0.047442689538002
NE2,2024,2024-10-21,0.84,17.7,18.9,37.7,12.0,56.0,9.0,718.8,0.0,70.0,4.3,0.001,23.9,6.6,293.0,0.02976190476190476,0.011904761904761904,0.005952380952380952,0.49404761904761907,0.20238095238095238,0.05952380952380952,0.10119047619047619,0.08928571428571429,0.0731460303068161
NE2,2024,2024-10-28,0.65,17.9,15.5,33.8,13.0,49.0,11.0,713.7,0.0,67.0,5.8,0.001,24.57,9.0,296.0,0.011904761904761904,0.0,0.0,0.5297619047619048,0.3333333333333333,0.023809523809523808,0.02976190476190476,0.06547619047619048,0.0610972344875335
NE2,2024,2024-11-04,0.64,15.1,19.1,35.7,18.0,62.0,,712.1,0.0,61.0,4.8,0.0,23.37,7.8,279.0,0.041666666666666664,0.017857142857142856,0.017857142857142856,0.40476190476190477,0.11904761904761904,0.15476190476190477,0.16666666666666666,0.07142857142857142,0.0657800137996673
NE2,2024,2024-11-11,0.64,15.8,20.7,38.8,18.0,47.0,,714.1,0.0,65.5,5.05,0.0,22.18,7.6,296.0,0.041666666666666664,0.0,0.005952380952380952,0.5357142857142857,0.21428571428571427,0.07142857142857142,0.10714285714285714,0.023809523809523808,0.0363286212086677
NE2,2024,2024-11-18,1.2,15.9,25.6,40.85,20.0,58.5,,716.9,0.0,45.0,4.9,0.0,21.415,6.3,223.0,0.1130952380952381,0.0,0.0,0.375,0.10119047619047619,0.1130952380952381,0.26785714285714285,0.02976190476190476,0.0658652931451797
NE2,2024,2024-11-25,1.35,17.85,23.6,46.4,19.0,60.5,57.0,719.5,0.0,53.5,4.9,0.0,17.28,7.2,171.0,0.13690476190476192,0.011904761904761904,0.011904761904761904,0.34523809523809523,0.05952380952380952,0.17857142857142858,0.21428571428571427,0.02976190476190476,
NE2,2024,2024-12-02,0.86,11.350000000000001,13.350000000000001,25.8,12.0,17.0,,721.5,0.0,87.0,3.3,0.0,13.754999999999999,6.1,160.0,0.023809523809523808,0.011904761904761904,0.0,0.16666666666666666,0.02976190476190476,0.30952380952380953,0.4226190476190476,0.03571428571428571,-0.0185078084468841
NE2,2024,2024-12-09,1.35,24.6,24.4,53.1,13.0,86.0,,718.8,0.0,56.0,4.8,0.0,17.06,6.0,203.0,0.17857142857142858,0.011904761904761904,0.011904761904761904,0.25,0.17857142857142858,0.13095238095238096,0.16666666666666666,0.06547619047619048,0.0521494448184967
NE2,2024,2024-12-16,0.75,14.8,18.85,34.45,16.0,45.0,,721.55,0.0,76.0,4.3,0.0,18.869999999999997,6.8,283.0,0.023809523809523808,0.041666666666666664,0.0,0.44047619047619047,0.15476190476190477,0.16071428571428573,0.13690476190476192,0.041666666666666664,0.0008904719725251
NE2,2024,2024-12-23,0.945,16.200000000000003,23.950000000000003,41.55,15.0,75.0,,713.7,0.0,57.5,4.45,0.0005,20.03,6.5,176.5,0.13690476190476192,0.011904761904761904,0.023809523809523808,0.36904761904761907,0.08928571428571429,0.07738095238095238,0.27380952380952384,0.017857142857142856,0.0669928714632988
NE2,2024,2024-12-30,0.95,13.9,20.3,37.0,19.0,61.0,,717.9,0.0,59.0,4.8,0.0,18.28,6.6,182.0,0.18562874251497005,0.029940119760479042,0.005988023952095809,0.3532934131736527,0.08982035928143713,0.12574850299401197,0.17365269461077845,0.03592814371257485,0.0078643523156642
NE2,2025,2025-01-06,1.51,10.2,14.1,24.1,22.0,27.0,,720.8,0.0,52.0,4.0,0.0,7.33,9.5,170.0,0.06547619047619048,0.005952380952380952,0.005952380952380952,0.2857142857142857,0.09523809523809523,0.2619047619047619,0.23809523809523808,0.03571428571428571,
NE2,2025,2025-01-13,1.4849999999999999,4.8,0.6,5.4,21.5,55.0,,723.1,0.0,54.0,4.8,0.0005,12.76,6.85,167.5,0.15476190476190477,0.011904761904761904,0.017857142857142856,0.27976190476190477,0.07738095238095238,0.16071428571428573,0.27380952380952384,0.023809523809523808,0.0527297724038362
NE2,2025,2025-01-20,2.17,9.8,17.85,28.7,23.0,44.0,,723.5,0.0,48.0,4.6,0.0,8.88,7.9,213.0,0.1130952380952381,0.011904761904761904,0.005952380952380952,0.31547619047619047,0.11904761904761904,0.20238095238095238,0.15476190476190477,0.047619047619047616,0.0572505481541156
NE2,2025,2025-01-27,1.71,22.65,20.55,49.7,12.0,63.0,,717.4,0.0,60.0,5.6,0.0005,16.77,6.5,184.5,0.09523809523809523,0.023809523809523808,0.017857142857142856,0.32142857142857145,0.09523809523809523,0.08333333333333333,0.2976190476190476,0.06547619047619048,0.0513219647109508
NE2,2025,2025-02-03,1.54,20.6,19.4,41.95,12.0,69.5,,715.5,0.0,61.0,6.7,0.0,21.955,6.85,284.0,0.047619047619047616,0.011904761904761904,0.0,0.2976190476190476,0.18452380952380953,0.047619047619047616,0.08333333333333333,0.041666666666666664,0.0512410551309585
NE2,2025,2025-02-10,1.455,25.549999999999997,19.700000000000003,44.65,12.0,71.0,,713.8499999999999,0.0,66.5,5.0,0.0,20.555,7.85,259.5,0.10714285714285714,0.005952380952380952,0.017857142857142856,0.3273809523809524,0.1488095238095238,0.16666666666666666,0.1130952380952381,0.05357142857142857,
NE2,2025,2025-02-17,1.71,25.3,18.0,44.1,19.0,40.0,,722.1,0.0,61.0,5.0,0.0,7.67,8.55,256.0,0.011904761904761904,0.005952380952380952,0.0,0.3869047619047619,0.11904761904761904,0.20238095238095238,0.20238095238095238,0.06547619047619048,-0.0103965075686573
NE2,2025,2025-02-24,0.58,21.2,25.7,47.2,21.0,60.0,,715.0,0.0,57.0,4.7,0.0,19.58,7.0,270.0,0.1317365269461078,0.011976047904191617,0.023952095808383235,0.3413173652694611,0.16167664670658682,0.08982035928143713,0.15568862275449102,0.03592814371257485,0.0411499999463558
NE2,2025,2025-03-03,,21.3,18.6,40.75,27.0,109.5,,710.7,0.0,30.0,4.4,0.0015,22.285,9.25,206.5,0.14285714285714285,0.017857142857142856,0.011904761904761904,0.3333333333333333,0.1130952380952381,0.20238095238095238,0.13095238095238096,0.047619047619047616,0.0629396215081214
NE2,2025,2025-03-10,,26.2,20.1,44.8,32.0,72.0,,712.0,0.0,17.0,4.7,0.0,24.65,7.3,208.0,0.1488095238095238,0.047619047619047616,0.011904761904761904,0.2916666666666667,0.09523809523809523,0.08333333333333333,0.17857142857142858,0.05357142857142857,0.0669371634721756
NE2,2025,2025-03-17,,35.9,17.7,53.25,30.0,67.0,,715.4,0.0,36.5,5.6,0.0,21.215,8.350000000000001,272.0,0.02976190476190476,0.0,0.0,0.35714285714285715,0.20238095238095238,0.16666666666666666,0.16071428571428573,0.05952380952380952,0.0610046610236167
NE2,2025,2025-03-24,,45.55,16.55,61.650000000000006,16.0,49.0,,713.2,0.0,64.0,4.35,0.007,23.735,9.149999999999999,276.0,0.023809523809523808,0.017857142857142856,0.011904761904761904,0.31547619047619047,0.2976190476190476,0.07738095238095238,0.21428571428571427,0.03571428571428571,0.0467547010630369
NE2,2025,2025-03-31,,44.25,19.4,63.099999999999994,25.0,68.0,,706.8,0.0,47.0,4.4,0.014499999999999999,26.075000000000003,10.85,267.5,0.017857142857142856,0.017857142857142856,0.017857142857142856,0.375,0.18452380952380953,0.25595238095238093,0.08928571428571429,0.041666666666666664,0.0732196569442749
NE2,2025,2025-04-07,0.99,,,,32.0,48.0,,718.45,0.0,28.0,5.6,0.007,23.785,7.9,274.0,0.05357142857142857,0.0,0.017857142857142856,0.30357142857142855,0.2261904761904762,0.07142857142857142,0.17857142857142858,0.041666666666666664,0.064182624220848
NE2,2025,2025-04-14,0.605,,,,27.5,53.0,,712.4,0.0,52.0,6.449999999999999,0.018000000000000002,25.490000000000002,10.95,290.0,0.0,0.0,0.0,0.48214285714285715,0.3333333333333333,0.10714285714285714,0.011904761904761904,0.047619047619047616,0.0540702491998672
NE2,2025,2025-04-21,0.54,,,,11.0,59.0,,712.4,0.0,62.0,3.6,0.015,24.765,9.7,295.0,0.011904761904761904,0.005952380952380952,0.0,0.5535714285714286,0.3630952380952381,0.017857142857142856,0.023809523809523808,0.023809523809523808,-0.0502673797309398
NE2,2025,2025-04-28,0.41,,,,14.0,48.0,,710.7,0.0,64.0,3.5,0.013,24.205,10.0,299.0,0.0,0.005952380952380952,0.0,0.5595238095238095,0.23214285714285715,0.10714285714285714,0.041666666666666664,0.041666666666666664,0.0476689245551824
NE2,2025,2025-05-05,0.28500000000000003,,,,23.0,45.5,,713.4,0.0,50.5,3.5,0.0335,25.880000000000003,9.75,200.5,0.08333333333333333,0.017857142857142856,0.005952380952380952,0.31547619047619047,0.13690476190476192,0.19642857142857142,0.20833333333333334,0.03571428571428571,-0.0229591839015483
NE2,2025,2025-05-12,0.57,,,,15.0,66.0,,707.8499999999999,0.0,43.0,3.8,0.0325,31.105,8.0,290.5,0.02976190476190476,0.011904761904761904,0.005952380952380952,0.48214285714285715,0.2261904761904762,0.047619047619047616,0.09523809523809523,0.10119047619047619,0.0048459582030773
NE2,2025,2025-05-19,0.33,,,,11.0,53.5,,711.8,0.0,58.0,3.4,0.0295,29.155,9.1,295.0,0.0,0.005952380952380952,0.0,0.5357142857142857,0.2619047619047619,0.09523809523809523,0.02976190476190476,0.07142857142857142,0.040203221142292
NE2,2025,2025-05-26,0.49,,,,9.0,47.0,,713.7,0.0,63.0,3.5,0.027,27.29,8.7,293.0,0.041666666666666664,0.011904761904761904,0.011904761904761904,0.5059523809523809,0.16666666666666666,0.10714285714285714,0.03571428571428571,0.1130952380952381,-0.0441558435559272
NE2,2025,2025-06-02,0.25,,,,14.0,48.0,,711.5,0.0,59.0,3.7,0.031,28.78,11.45,301.0,0.0,0.0,0.0,0.6488095238095238,0.34523809523809523,0.0,0.0,0.005952380952380952,0.0341351926326751
NE2,2025,2025-06-09,0.215,,,,14.0,48.0,,712.2,0.0,60.0,3.8,0.0345,28.47,10.0,296.0,0.005952380952380952,0.0,0.0,0.5595238095238095,0.3333333333333333,0.02976190476190476,0.023809523809523808,0.041666666666666664,0.0325849382206797
NE2,2025,2025-06-16,0.215,,,,9.0,32.0,,714.0,0.0,57.0,4.2,0.055,27.17,12.7,298.0,0.0,0.0,0.0,0.6130952380952381,0.35714285714285715,0.0,0.0,0.017857142857142856,0.0474470034241676
NE2,2025,2025-06-23,,,,,14.0,33.0,,715.4,0.0,57.0,7.3,0.0465,27.49,12.1,297.0,0.0,0.0,0.0,0.6190476190476191,0.3630952380952381,0.0,0.0,0.011904761904761904,0.0302196694537997
NE2,2025,2025-06-30,,,,,12.0,42.0,,713.9,0.0,72.0,4.4,0.0165,25.8,9.2,296.0,0.005952380952380952,0.0,0.0,0.5178571428571429,0.35714285714285715,0.017857142857142856,0.017857142857142856,0.07142857142857142,
NE2,2025,2025-07-07,,,,,18.0,51.5,,714.6,0.0,57.0,4.3,0.056,28.15,9.7,301.0,0.0,0.011904761904761904,0.0,0.5892857142857143,0.26785714285714285,0.023809523809523808,0.0,0.02976190476190476,0.0351046994328498
NE2,2025,2025-07-14,0.46,,,,18.0,57.0,,714.7,0.0,52.5,4.2,0.0315,29.155,9.7,296.0,0.0,0.005952380952380952,0.0,0.47023809523809523,0.26785714285714285,0.02976190476190476,0.017857142857142856,0.07738095238095238,0.0413588695228099
NE2,2025,2025-07-21,0.39,,,,17.0,38.0,,714.7,0.0,57.0,4.2,0.0275,28.98,9.3,285.0,0.0,0.0,0.017857142857142856,0.38095238095238093,0.3869047619047619,0.09523809523809523,0.017857142857142856,0.09523809523809523,0.0262056309729814
NE2,2025,2025-07-28,0.245,,,,15.0,39.0,,717.6,0.0,47.5,4.1,0.045,29.84,9.3,283.0,0.0,0.0,0.0,0.3273809523809524,0.49404761904761907,0.047619047619047616,0.03571428571428571,0.09523809523809523,0.0413039699196815
NE2,2025,2025-08-04,0.3,1.3,12.0,13.850000000000001,15.0,36.0,,714.7,0.0,48.0,3.25,0.035,30.195,9.6,292.0,0.0,0.0,0.0,0.4880952380952381,0.4226190476190476,0.03571428571428571,0.017857142857142856,0.03571428571428571,0.0413119215518236
NE2,2025,2025-08-11,0.515,5.1,11.5,16.4,11.0,39.5,,714.0,0.0,51.5,2.05,0.022,29.97,8.0,282.0,0.011904761904761904,0.0,0.005952380952380952,0.23809523809523808,0.5178571428571429,0.041666666666666664,0.03571428571428571,0.06547619047619048,0.0340818800032138
NE2,2025,2025-08-18,0.28,4.3,3.1,5.1,24.0,29.0,,714.5,0.0,57.0,1.9,0.011,28.14,6.7,209.0,0.07142857142857142,0.017857142857142856,0.017857142857142856,0.11904761904761904,0.25595238095238093,0.16071428571428573,0.22023809523809523,0.10714285714285714,0.0351558998227119
NE2,2025,2025-08-25,0.32,2.3,3.1,5.3,21.0,38.0,,714.7,0.0,54.5,3.1,0.0165,29.645,8.3,283.0,0.02976190476190476,0.0,0.0,0.30357142857142855,0.5357142857142857,0.07142857142857142,0.023809523809523808,0.03571428571428571,0.0428831651806831
NE2,2025,2025-09-01,0.48,7.05,18.85,28.45,24.0,38.0,,714.45,0.0,56.5,1.8,0.015,28.6,6.95,252.5,0.047619047619047616,0.017857142857142856,0.017857142857142856,0.2619047619047619,0.25595238095238093,0.17857142857142858,0.13095238095238096,0.07738095238095238,0.0441818200051784
NE2,2025,2025-09-08,0.35,11.95,19.8,33.25,16.5,28.0,,716.0,0.0,73.0,1.8,0.012,25.295,8.5,262.0,0.05357142857142857,0.005952380952380952,0.005952380952380952,0.21428571428571427,0.14285714285714285,0.10119047619047619,0.041666666666666664,0.08333333333333333,0.0148284193128347
NE2,2025,2025-09-15,0.525,11.1,21.65,34.1,16.0,31.0,,715.1,0.0,68.0,1.8,0.0115,25.6,7.6,,0.0,0.0,0.0,0.0,0.0,0.0,0.0,0.0,-0.0014987997710704
NE2,2025,2025-09-22,0.56,9.2,20.200000000000003,32.8,16.5,38.0,,713.8,0.0,61.0,2.0,0.007,27.325,8.0,133.0,0.13095238095238096,0.11904761904761904,0.047619047619047616,0.06547619047619048,0.0,0.041666666666666664,0.3333333333333333,0.011904761904761904,0.0530069023370742
NE2,2025,2025-09-29,0.61,6.2,25.9,33.2,25.0,36.0,14.0,716.2,0.0,49.0,3.2,0.006,27.63,7.3,132.0,0.18452380952380953,0.125,0.06547619047619048,0.1130952380952381,0.0,0.023809523809523808,0.48214285714285715,0.0,0.0485284477472305
NE2,2025,2025-10-06,0.53,14.1,22.4,37.4,12.0,31.0,,716.3,0.0,74.0,2.2,0.002,24.28,6.9,132.0,0.17365269461077845,0.11976047904191617,0.07784431137724551,0.1317365269461078,0.0718562874251497,0.041916167664670656,0.3532934131736527,0.029940119760479042,0.0034337957622483
NE2,2025,2025-10-13,0.59,13.0,24.5,40.9,14.0,47.0,,713.0,0.0,63.0,3.4,0.002,25.86,8.0,130.0,0.19047619047619047,0.05952380952380952,0.03571428571428571,0.08333333333333333,0.005952380952380952,0.011904761904761904,0.6071428571428571,0.0,0.0253530573099851
NE2,2025,2025-10-20,0.495,10.4,22.05,35.6,13.0,43.0,,714.9,0.0,60.0,3.2,0.001,26.39,7.45,133.0,0.14285714285714285,0.09523809523809523,0.1130952380952381,0.1130952380952381,0.011904761904761904,0.03571428571428571,0.4880952380952381,0.0,0.0488507449626922
NE2,2025,2025-10-27,0.71,9.0,22.3,35.2,27.0,50.0,18.0,716.6,0.0,38.0,3.7,0.0,22.17,7.1,146.0,0.05357142857142857,0.20833333333333334,0.05952380952380952,0.25,0.03571428571428571,0.011904761904761904,0.2857142857142857,0.005952380952380952,0.0632142797112464
NE2,2025,2025-11-03,1.0950000000000002,27.0,33.85,64.5,15.0,70.0,,718.2,0.0,42.0,4.8,0.0005,21.98,6.3,144.0,0.08333333333333333,0.19642857142857142,0.047619047619047616,0.22023809523809523,0.10119047619047619,0.011904761904761904,0.3273809523809524,0.005952380952380952,0.0513212233781814
NE2,2025,2025-11-10,1.12,30.4,27.7,67.0,15.5,58.5,,718.0,0.0,40.0,3.9,0.0,20.27,5.9,139.0,0.1130952380952381,0.09523809523809523,0.06547619047619048,0.22023809523809523,0.047619047619047616,0.017857142857142856,0.4226190476190476,0.005952380952380952,0.0564025565981864
NE2,2025,2025-11-17,0.35,18.5,19.8,39.4,9.0,53.0,,714.3,0.0,63.0,3.2,0.0,24.42,7.1,127.0,0.19642857142857142,0.07142857142857142,0.05952380952380952,0.07142857142857142,0.041666666666666664,0.03571428571428571,0.5119047619047619,0.005952380952380952,-0.0319576598703861
NE2,2025,2025-11-24,0.3,13.6,19.4,36.150000000000006,13.0,28.0,,717.2,0.0,78.0,2.9,0.0,19.200000000000003,6.5,147.0,0.20238095238095238,0.19642857142857142,0.07738095238095238,0.19047619047619047,0.05357142857142857,0.011904761904761904,0.25,0.017857142857142856,0.0514932721853256
NE2,2025,2025-12-01,0.42,25.85,20.05,49.6,9.5,57.0,,715.3499999999999,0.0,66.5,3.8,0.0,14.985,6.5,230.5,0.041666666666666664,0.22023809523809523,0.041666666666666664,0.25595238095238093,0.07142857142857142,0.03571428571428571,0.31547619047619047,0.005952380952380952,0.0336101055145263
NE2,2025,2025-12-08,0.76,25.549999999999997,29.4,64.2,17.0,59.0,17.1225,716.2,0.0,45.0,4.4,0.0,18.12,7.5,296.0,0.03571428571428571,0.19047619047619047,0.023809523809523808,0.3333333333333333,0.10714285714285714,0.005952380952380952,0.24404761904761904,0.005952380952380952,0.0036992393434047
NE2,2025,2025-12-15,0.97,30.8,25.5,55.1,8.0,65.5,23.0,716.15,0.0,64.0,3.5,0.0,16.465,5.95,205.5,0.017857142857142856,0.07142857142857142,0.047619047619047616,0.21428571428571427,0.17857142857142858,0.041666666666666664,0.375,0.05357142857142857,0.0607187151908874
NE2,2025,2025-12-22,0.845,11.3,19.9,33.8,13.0,40.0,14.0,718.55,0.0,64.5,3.6500000000000004,0.0,21.744999999999997,5.7,135.0,0.1488095238095238,0.05952380952380952,0.09523809523809523,0.125,0.047619047619047616,0.041666666666666664,0.4642857142857143,0.017857142857142856,0.03713109344244
NE2,2025,2025-12-29,0.9,103.7,14.149999999999999,91.95,27.075,25.75,9.6025,729.1,0.0,38.5,2.55,0.0,10.825,9.8,339.5,0.0,0.3194444444444444,0.0,0.18055555555555555,0.0,0.0,0.0,0.0,
