estacion,semana,ndvi_mediana,imagenes_utilizadas,pixeles_validos
NE2,2021-01-04,0.0435891579836607,2,15684
NE2,2021-01-11,0.11165434122085571,1,7842
NE2,2021-01-18,-0.005069125443696976,1,7842
NE2,2021-01-25,0.03576482832431793,1,7842
NE2,2021-02-01,0.08373573422431946,1,7842
NE2,2021-02-08,0.02924986369907856,2,15684
NE2,2021-02-15,-0.007668027654290199,1,7842
NE2,2021-02-22,0.011740799993276596,2,15684
NE2,2021-03-01,0.05401931703090668,1,7842
NE2,2021-03-08,0.04312906041741371,1,7842
NE2,2021-03-15,0.06238837540149689,2,15684
NE2,2021-03-22,0.08183372020721436,1,7842
NE2,2021-03-29,0.06979431211948395,1,7842
NE2,2021-04-05,0.07335467636585236,1,7842
NE2,2021-04-12,0.020195692777633667,1,7842
NE2,2021-04-19,0.074613768607378,2,15684
NE2,2021-04-26,0.06284014880657196,1,7842
NE2,2021-05-03,0.06741062924265862,2,15684
NE2,2021-05-10,-0.042181506752967834,1,7842
NE2,2021-05-17,0.06835879385471344,1,7842
NE2,2021-05-24,0.012926953728310764,2,15684
NE2,2021-05-31,,0,0
NE2,2021-06-07,0.07855457812547684,2,15684
NE2,2021-06-14,0.049713149666786194,1,7842
NE2,2021-06-21,,0,0
NE2,2021-06-28,0.05996893160045147,2,15684
NE2,2021-07-05,0.08602653443813324,1,7842
NE2,2021-07-12,0.05736002326011658,2,15684
NE2,2021-07-19,0.08558376133441925,1,7842
NE2,2021-07-26,0.05620233714580536,1,7842
NE2,2021-08-02,0.0741519033908844,2,15684
NE2,2021-08-09,0.07180385291576385,1,7842
NE2,2021-08-16,0.07609134912490845,1,7842
NE2,2021-08-23,0.05961747467517853,1,7842
NE2,2021-08-30,0.06344963610172272,1,7842
NE2,2021-09-06,0.026025699451565742,2,15684
NE2,2021-09-13,0.0699387788772583,1,7842
NE2,2021-09-20,0.01670265942811966,2,15684
NE2,2021-09-27,,0,0
NE2,2021-10-04,0.07799400389194489,1,7842
NE2,2021-10-11,0.026669401675462723,1,7842
NE2,2021-10-18,,0,0
NE2,2021-10-25,,0,0
NE2,2021-11-01,,0,0
NE2,2021-11-08,0.08528946340084076,1,7842
NE2,2021-11-15,0.08545537292957306,2,15684
NE2,2021-11-22,0.036189887672662735,1,7842
NE2,2021-11-29,0.0653335377573967,1,7842
NE2,2021-12-06,,0,0
NE2,2021-12-13,0.040811821818351746,2,15684
NE2,2021-12-20,0.07831072807312012,3,23526
NE2,2021-12-27,0.05972164124250412,1,7842
NE2,2022-01-03,0.06702111661434174,2,15684
NE2,2022-01-10,0.0750647783279419,1,7842
NE2,2022-01-17,0.07043541967868805,1,7842
NE2,2022-01-24,0.040136005729436874,1,7842
NE2,2022-01-31,,0,0
NE2,2022-02-07,0.049128733575344086,2,15684
NE2,2022-02-14,0.04121035896241665,2,15684
NE2,2022-02-21,-0.012686401139944792,2,15684
NE2,2022-02-28,0.03678125888109207,3,23526
NE2,2022-03-07,0.04566306434571743,2,15684
NE2,2022-03-14,0.04616111330688,2,15684
NE2,2022-03-21,0.05825534462928772,1,7842
NE2,2022-03-28,0.05748946592211723,2,15684
NE2,2022-04-04,0.048197947442531586,3,23526
NE2,2022-04-11,-0.007364734075963497,2,15684
NE2,2022-04-18,0.04105396568775177,3,23526
NE2,2022-04-25,,0,0
NE2,2022-05-02,0.032860614359378815,1,7842
NE2,2022-05-09,0.051482997834682465,4,31368
NE2,2022-05-16,0.04840381443500519,1,7842
NE2,2022-05-23,0.05550064891576767,3,23526
NE2,2022-05-30,,0,0
NE2,2022-06-06,0.048278383910655975,1,7842
NE2,2022-06-13,0.033582933247089386,3,23526
NE2,2022-06-20,0.040408529341220856,1,7842
NE2,2022-06-27,0.03406282514333725,3,23526
NE2,2022-07-04,0.033269450068473816,1,7842
NE2,2022-07-11,0.03249169513583183,2,15684
NE2,2022-07-18,0.03403007611632347,2,15684
NE2,2022-07-25,0.02880374062806368,2,15684
NE2,2022-08-01,0.02756807953119278,3,23526
NE2,2022-08-08,0.024127230048179626,2,15684
NE2,2022-08-15,0.01424877904355526,1,7842
NE2,2022-08-22,0.026141054928302765,3,23526
NE2,2022-08-29,-0.0269072987139225,1,7842
NE2,2022-09-05,0.04866373538970947,2,15684
NE2,2022-09-12,-0.010794613044708967,2,15684
NE2,2022-09-19,0.04308486729860306,2,15684
NE2,2022-09-26,0.06049051508307457,3,23526
NE2,2022-10-03,,0,0
NE2,2022-10-10,0.0187976211309433,3,23526
NE2,2022-10-17,0.06193882040679455,2,15684
NE2,2022-10-24,0.05855005979537964,1,7842
NE2,2022-10-31,0.017411979846656322,2,15684
NE2,2022-11-07,0.035689838230609894,1,7842
NE2,2022-11-14,0.07460922002792358,1,7842
NE2,2022-11-21,-0.017416546121239662,1,7842
NE2,2022-11-28,0.04730905219912529,1,7842
NE2,2022-12-05,0.031230144202709198,2,15684
NE2,2022-12-12,0.06008162349462509,1,7842
NE2,2022-12-19,0.05796481482684612,2,15684
NE2,2022-12-26,0.045884739607572556,1,7842
NE2,2023-01-02,0.04962093383073807,2,15684
NE2,2023-01-09,0.046774402260780334,4,31368
NE2,2023-01-16,-0.005110258935019374,2,15684
NE2,2023-01-23,0.04184401035308838,3,23526
NE2,2023-01-30,0.04987449571490288,2,15684
NE2,2023-02-06,0.034222645685076714,2,15684
NE2,2023-02-13,0.040709853172302246,3,23526
NE2,2023-02-20,0.048150286078453064,1,7842
NE2,2023-02-27,0.05075469799339771,2,15684
NE2,2023-03-06,0.03793354704976082,2,15684
NE2,2023-03-13,-0.02927855122834444,2,15684
NE2,2023-03-20,0.012548789381980896,4,31368
NE2,2023-03-27,,0,0
NE2,2023-04-03,-0.0273915259167552,2,15684
NE2,2023-04-10,,0,0
NE2,2023-04-17,0.03259638324379921,2,15684
NE2,2023-04-24,0.016601542942225933,4,31368
NE2,2023-05-01,,0,0
NE2,2023-05-08,0.0433797612786293,1,7842
NE2,2023-05-15,,0,0
NE2,2023-05-22,0.006974914111196995,2,15684
NE2,2023-05-29,0.056653596460819244,3,23526
NE2,2023-06-05,0.057360608130693436,2,15684
NE2,2023-06-12,0.06332378089427948,3,23526
NE2,2023-06-19,0.05049719661474228,2,15684
NE2,2023-06-26,0.04785611853003502,2,15684
NE2,2023-07-03,0.022982265800237656,3,23526
NE2,2023-07-10,0.06187425181269646,2,15684
NE2,2023-07-17,0.04801373556256294,2,15684
NE2,2023-07-24,0.04659884050488472,2,15684
NE2,2023-07-31,0.040341269224882126,2,15684
NE2,2023-08-07,0.03921704739332199,4,31368
NE2,2023-08-14,0.03693273104727268,2,15684
NE2,2023-08-21,0.018248964101076126,2,15684
NE2,2023-08-28,0.040585460141301155,2,15684
NE2,2023-09-04,0.03510751947760582,2,15684
NE2,2023-09-11,0.036129239946603775,4,31368
NE2,2023-09-18,0.045230260118842125,2,15684
NE2,2023-09-25,0.043428584933280945,3,23526
NE2,2023-10-02,,0,0
NE2,2023-10-09,0.03230299986898899,2,15684
NE2,2023-10-16,0.047958023846149445,3,23526
NE2,2023-10-23,-0.043954525142908096,2,15684
NE2,2023-10-30,0.06477690488100052,2,15684
NE2,2023-11-06,,0,0
NE2,2023-11-13,-0.010241527575999498,2,15684
NE2,2023-11-20,0.010660836473107338,4,31368
NE2,2023-11-27,0.0618706438690424,2,15684
NE2,2023-12-04,0.06825266405940056,2,15684
NE2,2023-12-11,0.04883090406656265,1,7842
NE2,2023-12-18,0.040992602705955505,1,7842
NE2,2023-12-25,0.06345084309577942,1,7842
NE2,2024-01-01,-0.026487788185477257,1,7842
NE2,2024-01-08,0.07274208962917328,2,15684
NE2,2024-01-15,0.05319078639149666,1,7842
NE2,2024-01-22,,0,0
NE2,2024-01-29,0.056865617632865906,2,15684
NE2,2024-02-05,0.05183994397521019,1,7842
NE2,2024-02-12,0.026875832118093967,2,15684
NE2,2024-02-19,0.047730110585689545,1,7842
NE2,2024-02-26,0.05857514217495918,1,7842
NE2,2024-03-04,0.0442027673125267,1,7842
NE2,2024-03-11,,0,0
NE2,2024-03-18,0.06734572350978851,1,7842
NE2,2024-03-25,0.06402634084224701,1,7842
NE2,2024-04-01,0.06731051206588745,1,7842
NE2,2024-04-08,0.021079957019537687,2,15684
NE2,2024-04-15,,0,0
NE2,2024-04-22,0.01759744342416525,2,15684
NE2,2024-04-29,-0.008071545511484146,1,7842
NE2,2024-05-06,0.05814140662550926,1,7842
NE2,2024-05-13,0.053453873842954636,2,15684
NE2,2024-05-20,0.0476190485060215,1,7842
NE2,2024-05-27,0.007774416939355433,2,15684
NE2,2024-06-03,0.06359174102544785,2,15684
NE2,2024-06-10,0.05385955423116684,1,7842
NE2,2024-06-17,0.05555194616317749,1,7842
NE2,2024-06-24,0.06454502046108246,1,7842
NE2,2024-07-01,0.05769283510744572,2,15684
NE2,2024-07-08,,0,0
NE2,2024-07-15,,0,0
NE2,2024-07-22,0.07562017627060413,2,15684
NE2,2024-07-29,0.03969565033912659,1,7842
NE2,2024-08-05,0.03674239479005337,2,15684
NE2,2024-08-12,0.07568270713090897,1,7842
NE2,2024-08-19,0.04836646467447281,1,7842
NE2,2024-08-26,0.00399823859333992,2,15684
NE2,2024-09-02,,0,0
NE2,2024-09-09,0.013032659888267517,1,7842
NE2,2024-09-16,-0.019320692867040634,1,7842
NE2,2024-09-23,0.06108511611819267,1,7842
NE2,2024-09-30,0.06536911427974701,1,7842
NE2,2024-10-07,0.0717555433511734,1,7842
NE2,2024-10-14,0.047442689538002014,2,15684
NE2,2024-10-21,0.0731460303068161,1,7842
NE2,2024-10-28,0.06109723448753357,1,7842
NE2,2024-11-04,0.06578001379966736,1,7842
NE2,2024-11-11,0.036328621208667755,1,7842
NE2,2024-11-18,0.06586529314517975,2,15684
NE2,2024-11-25,,0,0
NE2,2024-12-02,-0.018507808446884155,1,7842
NE2,2024-12-09,0.052149444818496704,2,15684
NE2,2024-12-16,0.0008904719725251198,1,7842
NE2,2024-12-23,0.0669928714632988,2,15684
NE2,2024-12-30,0.007864352315664291,1,7842
NE2,2025-01-06,,0,0
NE2,2025-01-13,0.05272977240383625,2,15684
NE2,2025-01-20,0.05725054815411568,1,7842
NE2,2025-01-27,0.05132196471095085,1,7842
NE2,2025-02-03,0.05124105513095856,1,7842
NE2,2025-02-10,,0,0
NE2,2025-02-17,-0.010396507568657398,1,7842
NE2,2025-02-24,0.04114999994635582,1,7842
NE2,2025-03-03,0.06293962150812149,2,15684
NE2,2025-03-10,0.0669371634721756,1,7842
NE2,2025-03-17,0.06100466102361679,2,15684
NE2,2025-03-24,0.04675470106303692,2,15684
NE2,2025-03-31,0.0732196569442749,1,7842
NE2,2025-04-07,0.06418262422084808,3,23526
NE2,2025-04-14,0.05407024919986725,1,7842
NE2,2025-04-21,-0.050267379730939865,1,7842
NE2,2025-04-28,0.04766892455518246,2,15684
NE2,2025-05-05,-0.022959183901548386,1,7842
NE2,2025-05-12,0.004845958203077316,2,15684
NE2,2025-05-19,0.04020322114229202,2,15684
NE2,2025-05-26,-0.04415584355592728,1,7842
NE2,2025-06-02,0.03413519263267517,2,15684
NE2,2025-06-09,0.03258493822067976,2,15684
NE2,2025-06-16,0.04744700342416763,1,7842
NE2,2025-06-23,0.030219669453799725,2,15684
NE2,2025-06-30,,0,0
NE2,2025-07-07,0.035104699432849884,2,15684
NE2,2025-07-14,0.04135886952280998,2,15684
NE2,2025-07-21,0.026205630972981453,2,15684
NE2,2025-07-28,0.04130396991968155,1,7842
NE2,2025-08-04,0.041311921551823616,2,15684
NE2,2025-08-11,0.03408188000321388,2,15684
NE2,2025-08-18,0.035155899822711945,1,7842
NE2,2025-08-25,0.042883165180683136,2,15684
NE2,2025-09-01,0.04418182000517845,1,7842
NE2,2025-09-08,0.01482841931283474,1,7842
NE2,2025-09-15,-0.0014987997710704803,2,15684
NE2,2025-09-22,0.05300690233707428,1,7842
NE2,2025-09-29,0.04852844774723053,1,7842
NE2,2025-10-06,0.0034337957622483373,2,15684
NE2,2025-10-13,0.02535305730998516,1,7842
NE2,2025-10-20,0.04885074496269226,2,15684
NE2,2025-10-27,0.06321427971124649,2,15684
NE2,2025-11-03,0.05132122337818146,2,15684
NE2,2025-11-10,0.05640255659818649,2,15684
NE2,2025-11-17,-0.031957659870386124,1,7842
NE2,2025-11-24,0.05149327218532562,2,15684
NE2,2025-12-01,0.03361010551452637,1,7842
NE2,2025-12-08,0.00369923934340477,2,15684
NE2,2025-12-15,0.06071871519088745,1,7842
NE2,2025-12-22,0.03713109344244003,2,15684
NE2,2025-12-29,,0,0
NE3,2021-01-04,0.14872441394254565,2,15690
NE3,2021-01-11,0.31933173537254333,1,7845
NE3,2021-01-18,-0.003552397945895791,1,7845
NE3,2021-01-25,0.02467685006558895,1,7845
NE3,2021-02-01,0.24695776402950287,1,7845
NE3,2021-02-08,0.10483516566455364,2,15690
NE3,2021-02-15,-0.00856793113052845,1,7845
NE3,2021-02-22,0.043501675594598055,2,15690
NE3,2021-03-01,0.1945701390504837,1,7845
NE3,2021-03-08,0.08381170779466629,1,7845
NE3,2021-03-15,0.18240740150213242,2,15690
NE3,2021-03-22,0.19646240770816803,1,7845
NE3,2021-03-29,0.2002495378255844,1,7845
NE3,2021-04-05,0.20914286375045776,1,7845
NE3,2021-04-12,0.13393756747245789,1,7845
NE3,2021-04-19,0.1726556494832039,2,15690
NE3,2021-04-26,0.2021089643239975,1,7845
NE3,2021-05-03,0.2091888040304184,2,15690
NE3,2021-05-10,-0.020671140402555466,1,7845
NE3,2021-05-17,0.2689138650894165,1,7845
NE3,2021-05-24,0.006539075169712305,2,15690
NE3,2021-05-31,,0,0
NE3,2021-06-07,0.314691960811615,2,15690
NE3,2021-06-14,0.27939465641975403,1,7845
NE3,2021-06-21,,0,0
NE3,2021-06-28,0.25634921342134476,2,15690
NE3,2021-07-05,0.43823933601379395,1,7845
NE3,2021-07-12,0.2897896021604538,2,15690
NE3,2021-07-19,0.32824426889419556,1,7845
NE3,2021-07-26,0.2339622676372528,1,7845
NE3,2021-08-02,0.22534283250570297,2,15690
NE3,2021-08-09,0.35764607787132263,1,7845
NE3,2021-08-16,0.3893709182739258,1,7845
NE3,2021-08-23,0.1654135286808014,1,7845
NE3,2021-08-30,0.31190475821495056,1,7845
NE3,2021-09-06,0.192756287753582,2,15690
NE3,2021-09-13,0.2675709128379822,1,7845
NE3,2021-09-20,0.19874021410942078,2,15690
NE3,2021-09-27,,0,0
NE3,2021-10-04,0.47291892766952515,1,7845
NE3,2021-10-11,0.43352600932121277,1,7845
NE3,2021-10-18,,0,0
NE3,2021-10-25,,0,0
NE3,2021-11-01,,0,0
NE3,2021-11-08,0.4399999976158142,1,7845
NE3,2021-11-15,0.5335646867752075,2,15690
NE3,2021-11-22,0.3773505985736847,1,7845
NE3,2021-11-29,0.49704840779304504,1,7845
NE3,2021-12-06,,0,0
NE3,2021-12-13,0.19431104511022568,2,15690
NE3,2021-12-20,0.43283581733703613,3,23535
NE3,2021-12-27,0.3907563090324402,1,7845
NE3,2022-01-03,0.35279135406017303,2,15690
NE3,2022-01-10,0.3523086607456207,1,7845
NE3,2022-01-17,0.32913100719451904,1,7845
NE3,2022-01-24,0.18454039096832275,1,7845
NE3,2022-01-31,,0,0
NE3,2022-02-07,0.16739898175001144,2,15690
NE3,2022-02-14,0.16682683676481247,2,15690
NE3,2022-02-21,-0.019510531798005104,2,15690
NE3,2022-02-28,0.13745173811912537,3,23535
NE3,2022-03-07,0.14685414731502533,2,15690
NE3,2022-03-14,0.13898736983537674,2,15690
NE3,2022-03-21,0.15258409082889557,1,7845
NE3,2022-03-28,0.13649629801511765,2,15690
NE3,2022-04-04,0.1318758875131607,3,23535
NE3,2022-04-11,-0.017034645192325115,2,15690
NE3,2022-04-18,0.013100436888635159,3,23535
NE3,2022-04-25,,0,0
NE3,2022-05-02,-0.02440725266933441,1,7845
NE3,2022-05-09,0.18274912983179092,4,31380
NE3,2022-05-16,0.1616954505443573,1,7845
NE3,2022-05-23,0.16740265488624573,3,23535
NE3,2022-05-30,,0,0
NE3,2022-06-06,0.16081757843494415,1,7845
NE3,2022-06-13,0.14498695731163025,3,23535
NE3,2022-06-20,0.14539682865142822,1,7845
NE3,2022-06-27,0.1420890986919403,3,23535
NE3,2022-07-04,0.17607751488685608,1,7845
NE3,2022-07-11,0.16542094200849533,2,15690
NE3,2022-07-18,0.1546262726187706,2,15690
NE3,2022-07-25,0.13156791031360626,2,15690
NE3,2022-08-01,0.15481480956077576,3,23535
NE3,2022-08-08,0.11255909875035286,2,15690
NE3,2022-08-15,0.07831821590662003,1,7845
NE3,2022-08-22,0.15423662960529327,3,23535
NE3,2022-08-29,0.042740046977996826,1,7845
NE3,2022-09-05,0.28012973070144653,2,15690
NE3,2022-09-12,0.1323760598897934,2,15690
NE3,2022-09-19,0.30025702714920044,2,15690
NE3,2022-09-26,0.3121645748615265,3,23535
NE3,2022-10-03,,0,0
NE3,2022-10-10,0.18419195711612701,3,23535
NE3,2022-10-17,0.3059984892606735,2,15690
NE3,2022-10-24,0.2890923023223877,1,7845
NE3,2022-10-31,0.12681110948324203,2,15690
NE3,2022-11-07,0.04429836943745613,1,7845
NE3,2022-11-14,0.17841079831123352,1,7845
NE3,2022-11-21,0.002298850566148758,1,7845
NE3,2022-11-28,0.236432284116745,1,7845
NE3,2022-12-05,0.015425803605467081,2,15690
NE3,2022-12-12,0.2523629367351532,1,7845
NE3,2022-12-19,0.23889347165822983,2,15690
NE3,2022-12-26,0.16061744093894958,1,7845
NE3,2023-01-02,0.18668827414512634,2,15690
NE3,2023-01-09,0.17290690541267395,4,31380
NE3,2023-01-16,-0.0029863560339435935,2,15690
NE3,2023-01-23,0.09509306401014328,3,23535
NE3,2023-01-30,0.16770615428686142,2,15690
NE3,2023-02-06,0.08137628063559532,2,15690
NE3,2023-02-13,0.1182871162891388,3,23535
NE3,2023-02-20,0.14591291546821594,1,7845
NE3,2023-02-27,0.14233576506376266,2,15690
NE3,2023-03-06,0.125881128013134,2,15690
NE3,2023-03-13,-0.030328398570418358,2,15690
NE3,2023-03-20,0.05478473752737045,4,31380
NE3,2023-03-27,,0,0
NE3,2023-04-03,-0.026504991576075554,2,15690
NE3,2023-04-10,,0,0
NE3,2023-04-17,0.12460720539093018,2,15690
NE3,2023-04-24,0.12349367549177259,4,31380
NE3,2023-05-01,,0,0
NE3,2023-05-08,-0.0031774851959198713,1,7845
NE3,2023-05-15,,0,0
NE3,2023-05-22,0.18285298347473145,2,15687
NE3,2023-05-29,0.30255404114723206,3,23535
NE3,2023-06-05,0.28658975660800934,2,15690
NE3,2023-06-12,0.2570977807044983,3,23535
NE3,2023-06-19,0.2104376032948494,2,15690
NE3,2023-06-26,0.2068580463528633,2,15690
NE3,2023-07-03,-0.014912654645740986,3,23535
NE3,2023-07-10,0.10181401297450066,2,15690
NE3,2023-07-17,0.23820072412490845,2,15690
NE3,2023-07-24,0.21865341067314148,2,15690
NE3,2023-07-31,0.2118866816163063,2,15690
NE3,2023-08-07,0.19154467433691025,4,31380
NE3,2023-08-14,0.1785641834139824,2,15690
NE3,2023-08-21,0.14589080959558487,2,15690
NE3,2023-08-28,0.17986754328012466,2,15690
NE3,2023-09-04,0.1775578185915947,2,15690
NE3,2023-09-11,0.18997345864772797,4,31380
NE3,2023-09-18,0.23352007567882538,2,15690
NE3,2023-09-25,0.26897069811820984,3,23535
NE3,2023-10-02,,0,0
NE3,2023-10-09,0.011898051714524627,2,15690
NE3,2023-10-16,0.10595514625310898,3,23535
NE3,2023-10-23,-0.005347618309315294,2,15690
NE3,2023-10-30,0.20630796998739243,2,15690
NE3,2023-11-06,,0,0
NE3,2023-11-13,0.005095074186101556,2,15690
NE3,2023-11-20,0.14547755010426044,4,31380
NE3,2023-11-27,0.3259870857000351,2,15690
NE3,2023-12-04,0.3432931452989578,2,15690
NE3,2023-12-11,0.0902777761220932,1,7845
NE3,2023-12-18,0.19822485744953156,1,7845
NE3,2023-12-25,0.32018861174583435,1,7845
NE3,2024-01-01,-0.02600472792983055,1,7845
NE3,2024-01-08,0.2902447134256363,2,15690
NE3,2024-01-15,0.25295618176460266,1,7845
NE3,2024-01-22,,0,0
NE3,2024-01-29,0.21233657002449036,2,15690
NE3,2024-02-05,0.22143974900245667,1,7845
NE3,2024-02-12,0.07630660803988576,2,15690
NE3,2024-02-19,0.19397501647472382,1,7845
NE3,2024-02-26,0.19581232964992523,1,7845
NE3,2024-03-04,0.06485261023044586,1,7845
NE3,2024-03-11,,0,0
NE3,2024-03-18,0.15214180946350098,1,7845
NE3,2024-03-25,0.2133168876171112,1,7845
NE3,2024-04-01,0.20232629776000977,1,7845
NE3,2024-04-08,0.08067582407966256,2,15690
NE3,2024-04-15,,0,0
NE3,2024-04-22,0.06901709921658039,2,15690
NE3,2024-04-29,-0.04196907579898834,1,7845
NE3,2024-05-06,0.020850040018558502,1,7845
NE3,2024-05-13,0.10062851570546627,2,15690
NE3,2024-05-20,0.14064915478229523,1,7845
NE3,2024-05-27,0.08132561109960079,2,15690
NE3,2024-06-03,0.2015974447131157,2,15690
NE3,2024-06-10,0.1940607726573944,1,7845
NE3,2024-06-17,0.18982188403606415,1,7845
NE3,2024-06-24,0.30696535110473633,1,7845
NE3,2024-07-01,0.12082957196980715,2,15690
NE3,2024-07-08,,0,0
NE3,2024-07-15,,0,0
NE3,2024-07-22,0.2691875398159027,2,15690
NE3,2024-07-29,0.2718130648136139,1,7845
NE3,2024-08-05,0.22560152038931847,2,15690
NE3,2024-08-12,0.22097758948802948,1,7845
NE3,2024-08-19,0.2744131088256836,1,7845
NE3,2024-08-26,0.1448098560795188,2,15690
NE3,2024-09-02,,0,0
NE3,2024-09-09,0.03152654692530632,1,7845
NE3,2024-09-16,0.2581709027290344,1,7845
NE3,2024-09-23,0.4065934121608734,1,7845
NE3,2024-09-30,0.39293140172958374,1,7845
NE3,2024-10-07,0.4034759998321533,1,7845
NE3,2024-10-14,0.25105130299925804,2,15690
NE3,2024-10-21,0.36454713344573975,1,7845
NE3,2024-10-28,0.3435635268688202,1,7845
NE3,2024-11-04,0.3368740379810333,1,7845
NE3,2024-11-11,0.17962263524532318,1,7845
NE3,2024-11-18,0.2925887405872345,2,15690
NE3,2024-11-25,,0,0
NE3,2024-12-02,-0.018134715035557747,1,7845
NE3,2024-12-09,0.25620273500680923,2,15690
NE3,2024-12-16,0.03543022274971008,1,7845
NE3,2024-12-23,0.28614160418510437,2,15690
NE3,2024-12-30,0.023542601615190506,1,7845
NE3,2025-01-06,,0,0
NE3,2025-01-13,0.1544799543917179,2,15690
NE3,2025-01-20,0.07013814896345139,1,7845
NE3,2025-01-27,0.19324412941932678,1,7845
NE3,2025-02-03,0.18918919563293457,1,7845
NE3,2025-02-10,,0,0
NE3,2025-02-17,-0.007452871650457382,1,7845
NE3,2025-02-24,0.11260957270860672,1,7845
NE3,2025-03-03,0.15297284722328186,2,15690
NE3,2025-03-10,0.17523810267448425,1,7845
NE3,2025-03-17,0.13054075092077255,2,15690
NE3,2025-03-24,0.13163667172193527,2,15690
NE3,2025-03-31,0.0807163268327713,1,7845
NE3,2025-04-07,0.15814751386642456,3,23535
NE3,2025-04-14,0.15157292783260345,1,7845
NE3,2025-04-21,-0.036590270698070526,1,7845
NE3,2025-04-28,0.14145436137914658,2,15690
NE3,2025-05-05,-0.005602923221886158,1,7845
NE3,2025-05-12,0.06768324039876461,2,15690
NE3,2025-05-19,0.1315862536430359,2,15690
NE3,2025-05-26,-0.0222646314650774,1,7845
NE3,2025-06-02,0.17890018969774246,2,15690
NE3,2025-06-09,0.15025746822357178,2,15690
NE3,2025-06-16,0.2711804211139679,1,7845
NE3,2025-06-23,0.1930021271109581,2,15690
NE3,2025-06-30,,0,0
NE3,2025-07-07,0.09276777133345604,2,15690
NE3,2025-07-14,0.22302460670471191,2,15690
NE3,2025-07-21,0.19237373769283295,2,15690
NE3,2025-07-28,0.22617611289024353,1,7845
NE3,2025-08-04,0.20027079433202744,2,15690
NE3,2025-08-11,0.19315937161445618,2,15690
NE3,2025-08-18,0.12970711290836334,1,7845
NE3,2025-08-25,0.24675200879573822,2,15690
NE3,2025-09-01,0.22112874686717987,1,7845
NE3,2025-09-08,0.12734082341194153,1,7845
NE3,2025-09-15,0.11308236047625542,2,15690
NE3,2025-09-22,0.37960168719291687,1,7845
NE3,2025-09-29,0.37840786576271057,1,7845
NE3,2025-10-06,0.06274962984025478,2,15690
NE3,2025-10-13,0.3690067231655121,1,7845
NE3,2025-10-20,0.2591642811894417,2,15690
NE3,2025-10-27,0.38520972430706024,2,15690
NE3,2025-11-03,0.33943815529346466,2,15690
NE3,2025-11-10,0.32599571347236633,2,15690
NE3,2025-11-17,0.057784322649240494,1,7845
NE3,2025-11-24,0.18218224123120308,2,15690
NE3,2025-12-01,0.20716112852096558,1,7845
NE3,2025-12-08,0.12792638037353754,2,15690
NE3,2025-12-15,0.29015809297561646,1,7845
NE3,2025-12-22,0.188601516187191,2,15690
NE3,2025-12-29,,0,0
