estacion,fecha,EVI,CO,NO,NO2,NOX,O3,PM10,PM2.5,PRS,RAINF,RH,SO2,SR,TOUT,WSR,WDR
NO3,2022-11-17,0.1169,1.1,15.9,23.8,48.3,8.0,63.0,,723.5,0.0,89.5,2.3,0.0,12.42,4.5,148.0
NO3,2022-12-03,0.2079,1.08,8.4,19.2,29.2,13.0,69.0,,719.9,0.0,78.0,2.7,0.0,18.88,5.9,126.0
NO3,2022-12-19,0.1139,0.8,8.350000000000001,20.55,31.45,16.0,70.0,,714.75,0.0,61.0,2.6,0.0,11.945,8.649999999999999,99.0
NO3,2023-01-01,0.1016,1.02,4.7,18.1,23.5,22.0,83.0,,710.7,0.0,62.0,2.4,0.0,19.43,20.05,341.0
NO3,2023-01-17,0.1124,1.3,3.7,13.2,16.6,22.0,70.5,,709.0,0.0,61.0,4.3,0.0,15.79,10.9,53.0
NO3,2023-02-02,0.0867,1.45,3.45,13.0,17.2,24.5,60.0,,711.0,0.0,62.0,4.5,0.0,15.879999999999999,22.4,41.0
NO3,2023-02-18,0.117,1.62,2.75,12.25,14.8,28.0,87.5,,705.7,0.0,63.0,4.3,0.0,24.134999999999998,18.15,60.0
NO3,2023-03-06,0.1165,1.53,2.5,9.149999999999999,11.95,24.0,58.0,,708.1,0.0,10.0,3.45,0.0,19.9,10.0,51.0
NO3,2023-03-22,0.0988,1.7,2.7,11.6,14.5,22.0,72.5,,706.0,0.0,,3.5,0.005,23.53,9.1,64.0
NO3,2023-04-07,0.1862,1.75,2.4,8.0,10.649999999999999,25.0,50.0,,706.8,0.0,,3.1,0.009,21.49,20.700000000000003,45.0
NO3,2023-04-23,0.066,0.61,3.0,9.0,11.7,27.0,72.0,,705.5,0.0,,3.4,0.026,24.625,,55.0
NO3,2023-05-09,0.1289,0.65,3.5,10.3,14.2,27.5,50.0,,707.4,0.0,,3.7,0.016,24.48,,109.0
NO3,2023-05-25,0.1997,0.61,3.5,7.8,11.4,27.0,42.0,,706.0,0.0,,3.7,0.0505,25.82,,229.5
NO3,2023-06-10,0.2209,0.62,3.5,11.0,15.0,30.0,66.0,,704.2,0.0,,3.7,0.056,32.28,11.2,47.0
NO3,2023-06-26,0.1721,0.48,3.4,8.4,12.05,22.0,44.0,,706.8,0.0,,2.9,0.04,28.775,12.149999999999999,47.5
NO3,2023-07-12,0.1286,0.51,3.4,8.7,12.2,22.5,68.0,,708.4,0.0,,3.0,0.05,30.25,13.1,45.0
NO3,2023-07-28,0.1124,0.58,3.2,8.45,11.9,25.0,55.5,,707.9,0.0,,3.0,0.0315,30.43,12.2,48.0
NO3,2023-08-13,0.1203,0.61,3.3,8.8,12.2,27.5,61.0,,707.9,0.0,,3.05,0.024,29.645,12.3,63.0
NO3,2023-08-29,0.1275,0.68,3.2,8.850000000000001,12.4,33.0,49.0,,707.4,0.0,,3.2,0.017,30.93,11.5,64.0
NO3,2023-09-14,0.1222,0.6,3.2,11.1,14.6,28.0,47.0,,707.5,0.0,,3.2,0.009,28.705,10.5,53.0
NO3,2023-09-30,0.0764,0.26,68.05,15.95,86.4,22.0,32.0,,707.9,0.0,,3.0,0.003,22.72,8.45,57.0
NO3,2023-10-16,0.1556,0.26,115.95,23.75,140.8,13.0,54.0,,707.8,0.0,,3.8,0.0,23.2,9.5,48.0
NO3,2023-11-01,0.172,,,,,,53.0,,711.8,0.0,,,0.0,16.73,5.95,75.0
NO3,2023-11-17,0.1779,,,,,,63.0,,709.05,0.0,,,0.002,15.705,7.2,74.0
NO3,2023-12-03,0.2306,1.15,8.25,18.35,26.85,18.0,59.5,,712.4,0.0,,3.7,0.0,16.08,8.2,67.0
NO3,2023-12-19,0.1844,0.98,7.1,17.5,26.7,16.0,63.0,,710.6,0.0,,4.1,0.0,15.47,7.5,75.0
NO3,2024-01-01,0.189,1.06,7.6,16.799999999999997,25.15,20.0,81.0,,707.7,0.0,24.0,4.0,0.0,13.825,8.6,81.5
NO3,2024-01-17,0.1364,1.36,5.2,16.3,22.7,23.0,62.0,,711.1,0.0,48.0,4.6,0.0,16.229999999999997,7.9,63.0
NO3,2024-02-02,0.1026,1.52,5.05,17.25,22.35,25.0,61.0,,708.1,0.0,49.0,3.9,0.002,17.34,8.2,115.0
NO3,2024-02-18,0.1003,1.73,3.9,17.1,22.9,30.0,79.0,,709.55,0.0,42.0,4.2,0.034,20.93,8.9,68.0
NO3,2024-03-05,0.1587,1.85,3.3,11.5,14.8,26.0,65.0,,706.0,0.0,58.5,4.7,0.0005,20.66,10.3,58.0
NO3,2024-03-21,0.1247,2.02,3.1,12.0,15.1,34.0,63.5,6.32,706.3,0.0,35.5,4.5,0.016,23.01,10.7,70.0
NO3,2024-04-06,0.1596,2.2,3.7,11.4,15.1,28.0,72.0,8.03,705.9,0.0,54.0,4.4,0.009,25.064999999999998,10.4,56.0
NO3,2024-04-22,0.1891,2.17,3.9,8.7,12.4,28.0,60.0,,703.3,0.0,63.5,3.6,0.0175,26.32,10.7,52.0
NO3,2024-05-08,0.1759,2.28,3.8,9.8,13.75,33.0,73.0,,703.1,0.0,48.0,4.0,0.029,29.935000000000002,10.9,59.0
NO3,2024-05-24,0.1695,1.1,3.7,11.0,14.9,29.0,72.0,,704.4,0.0,49.0,3.7,0.0395,30.765,9.55,55.0
NO3,2024-06-09,0.1215,0.72,4.5,9.6,14.5,19.0,34.0,,705.7,0.0,62.0,2.7,0.034,26.915,11.2,61.0
NO3,2024-06-25,0.3175,0.89,4.9,10.1,15.3,14.0,47.0,7.77,706.9,0.0,64.0,2.6,0.035,27.01,11.1,40.0
NO3,2024-07-11,0.4466,1.07,5.2,10.5,16.1,14.0,49.0,7.210000000000001,709.5,0.0,69.0,2.6,0.023,25.6,9.3,37.0
NO3,2024-07-27,0.3502,1.22,5.3,10.9,16.5,15.0,56.0,7.91,708.3,0.0,57.0,2.9,0.029,28.09,10.7,43.0
NO3,2024-08-12,0.2835,1.33,10.1,10.5,20.6,16.0,48.0,5.81,709.0,0.0,53.0,3.1,0.046,28.84,11.9,52.0
NO3,2024-08-28,0.205,0.20500000000000002,9.5,14.649999999999999,23.4,18.0,37.0,6.109999999999999,708.3,0.0,62.0,2.9,0.0055,25.21,7.65,86.5
NO3,2024-09-13,0.352,0.64,13.0,11.05,24.4,12.0,47.0,6.04,706.0,0.0,67.0,2.9,0.004,26.28,9.6,42.0
NO3,2024-09-29,0.317,1.3050000000000002,18.1,19.8,39.7,21.0,67.0,8.09,709.8,0.0,46.0,4.1,0.001,24.32,8.5,77.0
NO3,2024-10-15,0.3249,1.7149999999999999,12.8,15.0,28.15,16.0,46.0,,711.1,0.0,72.0,3.5,0.0,21.36,9.4,45.0
NO3,2024-10-31,0.1808,0.98,11.0,15.3,27.2,13.0,64.0,,707.2,0.0,63.0,3.6,0.0,22.65,8.9,54.0
NO3,2024-11-16,0.2048,1.62,,28.5,500.0,15.0,79.0,,709.7,0.0,54.0,4.1,0.0,18.4,7.5,75.0
NO3,2024-12-02,0.1384,2.325,,,,8.5,51.0,,711.9,0.0,74.0,3.7,0.0,15.235,7.2,61.5
NO3,2024-12-18,0.1688,2.72,,,,11.0,59.5,,709.2,0.0,64.0,3.8,0.0,17.825,8.2,94.5
NO3,2025-01-01,0.1376,3.0,,,,14.0,43.0,,713.5,0.0,61.5,3.9,0.0,11.485,7.8,65.0
NO3,2025-01-17,0.1303,3.61,,,,13.0,60.0,,711.4,0.0,50.0,4.3,0.0,13.22,8.2,78.0
NO3,2025-02-02,0.0826,3.855,,,,11.0,70.0,,708.7,0.0,53.5,6.65,0.006,20.22,9.0,66.0
NO3,2025-02-18,0.1082,0.715,,,,15.0,61.0,,708.6,0.0,52.0,6.5,0.008,17.795,9.6,71.0
NO3,2025-03-06,0.1393,0.955,,,,26.0,77.0,,707.4,0.0,20.0,6.3,0.0,22.75,10.3,83.5
NO3,2025-03-22,0.098,1.28,,,,18.0,56.0,,705.2,0.0,51.0,6.0,0.0095,24.4,10.0,67.0
NO3,2025-04-07,0.1237,1.74,,,,30.0,57.0,,709.0,0.0,35.0,6.5,0.015,24.39,10.7,58.0
NO3,2025-04-23,0.1797,,,,,,,,,,,,0.014499999999999999,,10.95,48.0
NO3,2025-05-09,0.1701,,,,,,,,,,,,0.0385,,10.5,59.0
NO3,2025-05-25,0.0836,,,,,,,,,,,,0.045,,11.6,54.0
NO3,2025-06-10,0.1298,,,,,,,,,,,,0.041999999999999996,,13.05,46.0
NO3,2025-06-26,0.1653,,,,,,,,,,,,0.015,,10.4,39.0
NO3,2025-07-12,0.2234,,,,,,,,,,,,0.0205,,10.3,41.0
NO3,2025-07-28,0.1924,0.69,3.7,8.8,12.7,23.0,46.0,10.13,708.5,0.0,47.0,2.9,0.051,30.14,11.4,45.0
NO3,2025-08-13,0.1925,0.875,3.7,8.95,13.1,27.0,42.0,10.375,708.5,0.0,56.0,2.5,0.0,28.17,10.2,54.0
NO3,2025-08-29,0.1454,1.01,3.9,9.649999999999999,13.8,26.0,39.0,10.89,708.6,0.0,60.0,2.7,0.0165,27.245,9.3,51.0
NO3,2025-09-14,0.2561,1.08,3.9,10.3,14.399999999999999,26.0,37.0,,708.3,0.0,64.5,2.8,0.0075,25.485,7.7,47.0
NO3,2025-09-30,0.1877,1.25,4.2,10.6,15.1,27.0,39.0,16.87,709.2,0.0,65.0,3.1,0.002,23.98,9.2,48.0
NO3,2025-10-16,0.1441,1.48,5.3,15.6,21.8,23.0,56.0,,708.2,0.0,56.0,3.4,0.0,24.119999999999997,6.7,63.0
NO3,2025-11-01,0.1681,1.98,8.1,24.6,36.2,28.5,70.0,,710.9,0.0,38.0,4.6,0.0,20.12,4.8,84.5
NO3,2025-11-17,0.1647,2.205,5.55,15.3,21.9,18.0,52.0,34.78,708.7,0.0,69.5,3.4,0.003,21.3,7.4,52.0
NO3,2025-12-03,0.0601,2.72,15.25,25.15,42.6,14.0,64.0,36.620000000000005,708.5,0.0,57.0,3.5,0.0045000000000000005,15.715,7.6,94.0
NO3,2025-12-19,0.1313,2.93,6.85,17.95,26.1,21.0,52.5,31.21,712.05,0.0,53.5,3.8,0.0,19.16,7.5,81.0
